county,year,voluntary_new,voluntary_renewed,voluntary_nonrenewed,fair_plan_new,fair_plan_renewed,dic_new,dic_renewed,voluntary_nonrenewal_rate_cdi_pct,fair_plan_new_plus_renewed,fair_plan_share_of_new_plus_renewed_pct,detached_very_high_est,homes_combustible_fence_attached_est,fair_plan_pif_all_lines_2025
Alameda,2023,25158,318139,26698,1021,2359,878,1502,7.78,3380,0.97,5085,1400,11694
Alameda,2022,32872,317670,32294,788,2137,693,1129,9.21,2925,0.83,5085,1400,11694
Alameda,2021,40972,315157,39636,722,1899,626,783,11.13,2621,0.73,5085,1400,11694
Alameda,2020,37118,318576,32905,727,1672,537,470,9.25,2399,0.67,5085,1400,11694
Alpine,2023,17,443,63,68,163,62,114,13.7,231,33.43,,,392
Alpine,2022,25,498,55,57,137,49,83,10.52,194,27.06,,,392
Alpine,2021,39,529,68,52,114,52,55,11.97,166,22.62,,,392
Alpine,2020,66,524,76,61,67,47,34,12.88,128,17.83,,,392
Amador,2023,706,9580,1566,1101,3519,1240,3146,15.22,4620,30.99,9882,2721,6186
Amador,2022,1129,10205,1348,769,3233,921,2755,11.89,4002,26.1,9882,2721,6186
Amador,2021,1663,10222,2157,1018,2707,1364,2048,18.15,3725,23.86,9882,2721,6186
Amador,2020,1566,10482,1713,1218,1961,1360,1542,14.22,3179,20.88,9882,2721,6186
Butte,2023,4836,46091,8014,3046,3168,3045,2627,15.74,6214,10.87,8165,1066,9392
Butte,2022,5685,49245,5850,1188,2811,1140,2124,10.65,3999,6.79,8165,1066,9392
Butte,2021,6322,49699,6970,1208,2237,1135,1592,12.44,3445,5.79,8165,1066,9392
Butte,2020,7620,49967,8894,1567,1326,1406,841,15.44,2893,4.78,8165,1066,9392
Calaveras,2023,792,14025,2481,2081,6270,2080,5026,16.74,8351,36.05,13447,2976,10572
Calaveras,2022,1254,15676,1977,1538,5639,1649,4170,11.68,7177,29.77,13447,2976,10572
Calaveras,2021,1814,16275,2700,1755,4616,1894,3226,14.93,6371,26.05,13447,2976,10572
Calaveras,2020,2236,16605,2874,2378,3055,2194,2131,15.25,5433,22.38,13447,2976,10572
Colusa,2023,347,4580,367,14,22,10,4,7.45,36,0.73,284,78,68
Colusa,2022,505,4531,495,15,14,3,2,9.83,29,0.57,284,78,68
Colusa,2021,618,4437,539,6,8,4,0,10.66,14,0.28,284,78,68
Colusa,2020,577,4377,469,3,7,2,1,9.47,10,0.2,284,78,68
Contra Costa,2023,22408,272513,23533,1116,1038,1043,708,7.98,2154,0.73,12471,3433,12837
Contra Costa,2022,31643,269672,30135,489,877,431,512,10.0,1366,0.45,12471,3433,12837
Contra Costa,2021,39088,266129,36046,438,731,331,331,11.81,1169,0.38,12471,3433,12837
Contra Costa,2020,34962,268634,30764,312,666,207,238,10.13,978,0.32,12471,3433,12837
Del Norte,2023,450,6492,630,88,133,76,45,9.08,221,3.09,,,572
Del Norte,2022,857,6442,853,38,117,24,34,11.69,155,2.08,,,572
Del Norte,2021,877,6624,830,71,60,24,22,11.07,131,1.72,,,572
Del Norte,2020,892,6495,732,37,35,15,11,9.91,72,0.97,,,572
El Dorado,2023,3527,49912,7215,4566,13601,5012,11984,13.5,18167,25.37,36909,7913,28167
El Dorado,2022,5156,53484,6085,3094,12439,3495,10457,10.38,15533,20.94,36909,7913,28167
El Dorado,2021,7192,53163,9262,4171,10203,4867,8073,15.35,14374,19.23,36909,7913,28167
El Dorado,2020,8370,54183,9475,5665,6537,5620,5172,15.15,12202,16.32,36909,7913,28167
Fresno,2023,20527,198069,20662,892,2630,683,1552,9.45,3522,1.59,4145,1141,5821
Fresno,2022,26003,196822,23623,846,2392,596,1303,10.6,3238,1.43,4145,1141,5821
Fresno,2021,29229,194181,25862,713,2143,688,1014,11.58,2856,1.26,4145,1141,5821
Fresno,2020,28071,192807,23720,1282,1402,852,568,10.74,2684,1.2,4145,1141,5821
Glenn,2023,510,6103,551,12,17,4,9,8.33,29,0.44,242,67,58
Glenn,2022,652,6061,636,12,13,8,6,9.47,25,0.37,242,67,58
Glenn,2021,769,5989,660,10,8,2,7,9.77,18,0.27,242,67,58
Glenn,2020,719,5994,635,5,10,3,4,9.46,15,0.22,242,67,58
Humboldt,2023,2401,35904,3244,616,909,510,386,8.47,1525,3.83,2038,561,2844
Humboldt,2022,3704,36151,3645,421,790,220,290,9.15,1211,2.95,2038,561,2844
Humboldt,2021,3854,36283,3626,339,654,179,231,9.03,993,2.41,2038,561,2844
Humboldt,2020,4076,36073,3565,482,355,188,122,8.88,837,2.04,2038,561,2844
Imperial,2023,2503,29165,2831,84,188,7,3,8.94,272,0.85,,,661
Imperial,2022,3703,28985,3441,25,205,10,4,10.53,230,0.7,,,661
Imperial,2021,3940,28882,3402,27,211,3,6,10.36,238,0.72,,,661
Imperial,2020,3693,28719,3061,39,220,2,7,9.44,259,0.79,,,661
Inyo,2023,389,5463,478,56,49,49,8,8.17,105,1.76,78,21,303
Inyo,2022,588,5447,583,9,43,4,6,9.66,52,0.85,78,21,303
Inyo,2021,633,5428,557,18,25,7,7,9.19,43,0.7,78,21,303
Inyo,2020,591,5395,511,10,27,8,3,8.54,37,0.61,78,21,303
Kern,2023,24467,190862,23830,1853,3727,1446,1785,11.07,5580,2.53,11166,587,11329
Kern,2022,30356,189801,27583,1226,3516,916,1570,12.53,4742,2.11,11166,587,11329
Kern,2021,33396,187001,30066,1254,3137,844,1209,13.64,4391,1.95,11166,587,11329
Kern,2020,30345,187955,26391,1614,2372,957,660,12.09,3986,1.79,11166,587,11329
Kings,2023,3209,27380,2889,30,26,5,5,9.44,56,0.18,,,179
Kings,2022,3700,27161,3215,32,21,7,1,10.42,53,0.17,,,179
Kings,2021,3879,26762,3603,3,23,3,1,11.76,26,0.08,,,179
Kings,2020,3761,26598,3184,11,16,2,2,10.49,27,0.09,,,179
Lake,2023,1401,18491,3358,1533,1831,1417,1335,16.88,3364,14.47,14943,4114,5739
Lake,2022,2180,20225,2870,972,1398,786,926,12.81,2370,9.57,14943,4114,5739
Lake,2021,2523,20973,2734,794,921,621,533,11.64,1715,6.8,14943,4114,5739
Lake,2020,2940,21075,2724,607,624,393,332,11.34,1231,4.88,14943,4114,5739
Lassen,2023,666,8299,1284,536,734,511,496,14.32,1270,12.41,2577,231,1064
Lassen,2022,928,8871,1031,271,615,259,336,10.52,886,8.29,2577,231,1064
Lassen,2021,1123,9053,1130,208,513,186,269,11.1,721,6.62,2577,231,1064
Lassen,2020,1273,8900,1249,365,248,262,128,12.28,613,5.68,2577,231,1064
Los Angeles,2023,146127,1542710,155768,15013,70465,7313,13982,9.22,85478,4.82,242012,102081,154765
Los Angeles,2022,180754,1547873,174456,10769,70486,5824,11638,10.09,81255,4.49,242012,102081,154765
Los Angeles,2021,206144,1537339,195542,11448,69869,5786,9098,11.22,81317,4.46,242012,102081,154765
Los Angeles,2020,181870,1555311,161321,12289,70330,4387,7143,9.29,82619,4.54,242012,102081,154765
Madera,2023,3379,32470,3362,790,2790,811,2306,9.38,3580,9.08,4129,1137,5650
Madera,2022,4632,31879,4654,1253,2061,1152,1620,12.75,3314,8.32,4129,1137,5650
Madera,2021,4969,32061,4556,858,1620,1028,1052,12.3,2478,6.27,4129,1137,5650
Madera,2020,4865,31648,4271,1060,935,900,640,11.7,1995,5.18,4129,1137,5650
Marin,2023,3647,63477,4260,604,1058,563,616,6.35,1662,2.42,3299,908,4361
Marin,2022,5633,62973,5711,436,891,317,465,8.32,1327,1.9,3299,908,4361
Marin,2021,7012,62642,6934,397,722,268,339,9.95,1119,1.58,3299,908,4361
Marin,2020,6178,63631,5569,421,509,284,189,7.98,930,1.31,3299,908,4361
Mariposa,2023,66,3331,403,481,1990,468,1488,11.86,2471,42.11,2095,357,3404
Mariposa,2022,180,3671,880,800,1578,760,1059,22.85,2378,38.18,2095,357,3404
Mariposa,2021,219,4321,588,632,1209,613,689,12.95,1841,28.85,2095,357,3404
Mariposa,2020,386,4432,658,743,679,559,372,13.66,1422,22.79,2095,357,3404
Mendocino,2023,1356,21758,2507,1168,1559,933,950,10.85,2727,10.55,7787,832,4707
Mendocino,2022,2169,22564,2545,684,1288,487,698,10.29,1972,7.38,7787,832,4707
Mendocino,2021,2495,22819,2391,552,1005,356,498,9.45,1557,5.79,7787,832,4707
Mendocino,2020,2670,22714,2432,706,549,423,271,9.58,1255,4.71,7787,832,4707
Merced,2023,6028,57401,5505,60,36,19,12,8.68,96,0.15,,,336
Merced,2022,7651,56600,6786,24,35,9,9,10.56,59,0.09,,,336
Merced,2021,9155,55147,7389,24,36,14,10,11.49,60,0.09,,,336
Merced,2020,8241,54236,6438,22,38,8,7,10.3,60,0.1,,,336
Modoc,2023,167,2275,240,41,43,21,16,9.83,84,3.33,,,290
Modoc,2022,281,2272,296,22,31,7,14,11.59,53,2.03,,,290
Modoc,2021,385,2279,327,23,17,14,5,12.27,40,1.48,,,290
Modoc,2020,328,2268,287,8,15,4,2,11.06,23,0.88,,,290
Mono,2023,185,4025,411,243,473,239,295,9.76,716,14.54,3011,829,1982
Mono,2022,471,4025,632,239,363,170,175,14.06,602,11.81,3011,829,1982
Mono,2021,501,4292,554,123,289,106,124,11.56,412,7.92,3011,829,1982
Mono,2020,565,4277,478,131,221,73,91,9.87,352,6.78,3011,829,1982
Monterey,2023,5586,78419,6230,809,2179,752,1634,7.42,2988,3.43,11234,3093,5402
Monterey,2022,8079,77748,8148,956,1697,736,1212,9.49,2653,3.0,11234,3093,5402
Monterey,2021,8883,78156,8408,803,1284,615,912,9.66,2087,2.34,11234,3093,5402
Monterey,2020,8376,78589,7581,866,771,631,514,8.72,1637,1.85,11234,3093,5402
Napa,2023,2534,34237,3020,511,1152,376,526,8.21,1663,4.33,4405,755,3042
Napa,2022,3532,34338,3859,748,676,356,291,10.19,1424,3.62,4405,755,3042
Napa,2021,3952,34856,3916,421,432,188,188,10.09,853,2.15,4405,755,3042
Napa,2020,3618,35252,3313,375,239,153,107,8.52,614,1.56,4405,755,3042
Nevada,2023,1588,24663,5435,4752,11808,4824,9999,20.7,16560,38.68,31911,8785,23438
Nevada,2022,2418,28379,4007,3423,10273,3982,7782,13.01,13696,30.78,31911,8785,23438
Nevada,2021,3510,29349,5073,3213,8596,3649,6589,15.44,11809,26.44,31911,8785,23438
Nevada,2020,4460,29773,5617,5132,5235,4658,4234,16.41,10367,23.24,31911,8785,23438
Orange,2023,52749,554557,53946,2557,3711,1993,2337,8.88,6268,1.02,55435,8653,23748
Orange,2022,64777,552341,62478,1236,3363,985,1935,10.12,4599,0.74,55435,8653,23748
Orange,2021,78588,544754,77557,1505,2623,1179,1299,12.44,4128,0.66,55435,8653,23748
Orange,2020,73341,552742,65738,1256,2239,812,883,10.5,3495,0.56,55435,8653,23748
Placer,2023,11357,112904,11809,3092,9305,3317,8335,9.5,12397,9.07,18286,2295,18996
Placer,2022,14839,112064,12353,2248,8371,2466,7156,9.73,10619,7.72,18286,2295,18996
Placer,2021,17468,109107,16173,3347,6283,3588,5186,12.78,9630,7.07,18286,2295,18996
Placer,2020,17647,109028,16007,3969,3617,3656,3024,12.64,7586,5.65,18286,2295,18996
Plumas,2023,385,6408,1137,711,1166,735,739,16.74,1877,21.65,10353,726,3941
Plumas,2022,673,7049,905,364,1013,342,578,11.72,1377,15.13,10353,726,3941
Plumas,2021,844,7329,879,414,810,301,436,10.75,1224,13.03,10353,726,3941
Plumas,2020,845,7293,891,575,462,368,231,10.95,1037,11.3,10353,726,3941
Riverside,2023,68849,535794,74877,8050,10257,6281,5489,12.38,18307,2.94,96666,10575,57026
Riverside,2022,91397,531601,85011,4335,8087,3655,3657,13.65,12422,1.95,96666,10575,57026
Riverside,2021,106651,521678,97153,3775,6236,2681,2672,15.46,10011,1.57,96666,10575,57026
Riverside,2020,100557,523836,85807,3412,4726,2145,1536,13.74,8138,1.29,96666,10575,57026
Sacramento,2023,39427,375745,38405,345,385,240,139,9.25,730,0.18,,,2001
Sacramento,2022,48978,372137,43595,200,330,82,112,10.35,530,0.13,,,2001
Sacramento,2021,57642,365738,52682,173,307,61,93,12.44,480,0.11,,,2001
Sacramento,2020,54295,365273,46431,232,296,73,53,11.07,528,0.13,,,2001
San Benito,2023,1432,15816,1366,85,118,76,64,7.92,203,1.16,700,193,388
San Benito,2022,2028,15424,1716,57,95,31,52,9.83,152,0.86,700,193,388
San Benito,2021,2539,14950,1776,56,65,36,40,10.15,121,0.69,700,193,388
San Benito,2020,2264,14529,1610,53,35,36,17,9.59,88,0.52,700,193,388
San Bernardino,2023,51063,427459,57532,9356,31068,7775,21592,12.02,40424,7.79,73757,19782,65132
San Bernardino,2022,65890,429652,66128,9483,27439,9365,17239,13.34,36922,6.93,73757,19782,65132
San Bernardino,2021,75054,428346,73548,9791,23015,10399,12397,14.61,32806,6.12,73757,19782,65132
San Bernardino,2020,67799,435244,60926,10204,18428,7948,10046,12.11,28632,5.39,73757,19782,65132
San Diego,2023,55944,597398,62683,8451,13869,8074,9870,9.59,22320,3.3,133748,36821,59063
San Diego,2022,73773,597654,73929,5762,10917,5278,7087,11.01,16679,2.42,133748,36821,59063
San Diego,2021,85038,595839,85926,4575,8567,3830,5164,12.62,13142,1.89,133748,36821,59063
San Diego,2020,79533,603748,73125,4095,6519,3218,3484,10.7,10614,1.53,133748,36821,59063
San Francisco,2023,7047,117768,7631,138,242,51,8,6.11,380,0.3,,,2382
San Francisco,2022,9914,117336,9643,48,270,9,6,7.58,318,0.25,,,2382
San Francisco,2021,12330,116423,12160,51,286,4,6,9.44,337,0.26,,,2382
San Francisco,2020,10577,117632,9667,47,297,6,9,7.54,344,0.27,,,2382
San Joaquin,2023,20786,169839,18784,124,336,31,23,9.85,460,0.24,,,1319
San Joaquin,2022,24532,167248,20376,52,361,18,32,10.62,413,0.21,,,1319
San Joaquin,2021,27145,162790,22888,39,373,24,29,12.05,412,0.22,,,1319
San Joaquin,2020,24888,161200,20295,89,382,16,26,10.91,471,0.25,,,1319
San Luis Obispo,2023,6805,81110,7102,824,1018,660,575,8.08,1842,2.05,12689,3493,4771
San Luis Obispo,2022,8888,80455,8354,491,766,321,396,9.35,1257,1.39,12689,3493,4771
San Luis Obispo,2021,10722,79285,9732,374,550,236,258,10.81,924,1.02,12689,3493,4771
San Luis Obispo,2020,10046,79415,8774,366,342,202,149,9.81,708,0.79,12689,3493,4771
San Mateo,2023,10141,152003,10992,522,694,448,507,6.78,1216,0.74,6346,1747,3759
San Mateo,2022,12960,151996,12855,404,494,284,370,7.79,898,0.54,6346,1747,3759
San Mateo,2021,16015,151362,15592,311,348,224,252,9.32,659,0.39,6346,1747,3759
San Mateo,2020,14424,152776,13257,263,250,153,190,7.93,513,0.31,6346,1747,3759
Santa Barbara,2023,7184,84607,7668,893,2299,645,1130,8.35,3192,3.36,8984,2473,6907
Santa Barbara,2022,9451,84099,9237,889,1815,574,820,9.87,2704,2.81,8984,2473,6907
Santa Barbara,2021,11417,83317,11322,964,1201,500,520,11.95,2165,2.23,8984,2473,6907
Santa Barbara,2020,9854,84855,9067,817,730,396,272,9.57,1547,1.61,8984,2473,6907
Santa Clara,2023,28108,354804,29435,1024,1554,842,1055,7.69,2578,0.67,5370,1188,6200
Santa Clara,2022,35517,353829,34722,698,1357,550,816,8.92,2055,0.53,5370,1188,6200
Santa Clara,2021,44086,351807,43031,595,1156,446,636,10.87,1751,0.44,5370,1188,6200
Santa Clara,2020,39075,356156,35094,578,946,408,392,8.88,1524,0.38,5370,1188,6200
Santa Cruz,2023,3617,63182,4982,1598,2281,1475,1902,7.46,3879,5.49,2692,861,12796
Santa Cruz,2022,6285,63236,7280,1373,1410,1181,1157,10.47,2783,3.85,2692,861,12796
Santa Cruz,2021,6643,64630,6612,893,930,729,713,9.28,1823,2.49,2692,861,12796
Santa Cruz,2020,6612,64947,6303,806,458,614,333,8.81,1264,1.74,2692,861,12796
Shasta,2023,5421,50434,8553,2158,2043,2089,1486,15.31,4201,7.0,18169,3236,6505
Shasta,2022,7272,53440,7601,934,1694,833,1139,12.52,2628,4.15,18169,3236,6505
Shasta,2021,7684,53554,7449,833,1340,649,886,12.16,2173,3.43,18169,3236,6505
Shasta,2020,8385,53260,7716,996,768,700,458,12.52,1764,2.78,18169,3236,6505
Sierra,2023,46,1029,144,99,271,99,193,13.4,370,25.61,1165,321,541
Sierra,2022,80,1113,111,77,237,67,157,9.3,314,20.84,1165,321,541
Sierra,2021,122,1126,155,70,199,81,109,12.42,269,17.73,1165,321,541
Sierra,2020,133,1152,161,109,123,75,72,12.53,232,15.29,1165,321,541
Siskiyou,2023,860,13589,1465,597,783,508,409,10.14,1380,8.72,11000,1618,3269
Siskiyou,2022,1599,13825,1814,343,641,219,308,11.76,984,6.0,11000,1618,3269
Siskiyou,2021,1801,14143,1712,280,519,183,232,10.74,799,4.77,11000,1618,3269
Siskiyou,2020,1859,13976,1772,324,335,199,135,11.19,659,4.0,11000,1618,3269
Solano,2023,10005,112142,9823,205,140,141,42,8.04,345,0.28,,,1312
Solano,2022,12848,111155,11770,62,115,40,25,9.49,177,0.14,,,1312
Solano,2021,15471,110107,13630,48,97,19,26,10.85,145,0.12,,,1312
Solano,2020,13478,110060,11562,50,100,27,11,9.36,150,0.12,,,1312
Sonoma,2023,9685,131750,11139,1825,2213,1419,1260,7.88,4038,2.78,10053,5079,8748
Sonoma,2022,14565,130701,14272,1627,1200,973,621,9.82,2827,1.91,10053,5079,8748
Sonoma,2021,16348,131045,14635,701,790,427,385,9.93,1491,1.0,10053,5079,8748
Sonoma,2020,14182,131434,12339,652,445,319,193,8.47,1097,0.75,10053,5079,8748
Stanislaus,2023,12881,121864,12101,92,70,35,17,8.98,162,0.12,807,222,743
Stanislaus,2022,15009,121382,13920,38,65,23,13,10.21,103,0.08,807,222,743
Stanislaus,2021,17579,120341,15990,31,66,15,21,11.59,97,0.07,807,222,743
Stanislaus,2020,16571,120334,14502,36,56,9,6,10.59,92,0.07,807,222,743
Sutter,2023,2095,21923,2067,8,13,2,4,8.61,21,0.09,,,118
Sutter,2022,2613,21868,2401,3,14,0,5,9.81,17,0.07,,,118
Sutter,2021,3173,21497,2875,8,12,1,5,11.65,20,0.08,,,118
Sutter,2020,3083,21454,2705,7,7,2,2,11.02,14,0.06,,,118
Tehama,2023,1413,13053,1877,297,326,270,179,12.98,623,4.13,2780,207,1783
Tehama,2022,1722,13626,1770,162,272,115,140,11.53,434,2.75,2780,207,1783
Tehama,2021,1935,13680,1797,124,218,75,97,11.51,342,2.14,2780,207,1783
Tehama,2020,1982,13621,1832,183,110,100,34,11.74,293,1.84,2780,207,1783
Trinity,2023,119,3342,485,315,705,299,343,14.01,1020,22.76,2581,369,1440
Trinity,2022,284,3624,361,204,684,112,309,9.24,888,18.52,2581,369,1440
Trinity,2021,252,3741,354,276,611,163,230,8.87,887,18.18,2581,369,1440
Trinity,2020,293,3874,408,399,390,182,132,9.79,789,15.92,2581,369,1440
Tulare,2023,9743,95927,9612,672,1152,526,575,9.1,1824,1.7,1273,127,2966
Tulare,2022,12499,94983,11497,502,1022,324,454,10.7,1524,1.4,1273,127,2966
Tulare,2021,13891,93421,12117,413,820,281,307,11.29,1233,1.14,1273,127,2966
Tulare,2020,13359,92604,11212,446,579,214,206,10.58,1025,0.96,1273,127,2966
Tuolumne,2023,545,11804,2670,2864,8858,3049,7343,21.62,11722,48.7,14786,4071,14071
Tuolumne,2022,839,14106,1711,1920,8136,2068,6426,11.45,10056,40.22,14786,4071,14071
Tuolumne,2021,1233,14788,2503,2228,7119,2702,5164,15.62,9347,36.85,14786,4071,14071
Tuolumne,2020,1962,14849,3076,3842,4605,3503,3345,18.3,8447,33.44,14786,4071,14071
Ventura,2023,14637,177372,16898,1842,2708,1468,1519,8.8,4550,2.31,53743,11834,15010
Ventura,2022,19699,177606,18874,1117,2240,760,1151,9.57,3357,1.67,53743,11834,15010
Ventura,2021,24217,174866,23649,1330,1413,755,696,11.88,2743,1.36,53743,11834,15010
Ventura,2020,21146,178406,19721,733,1147,437,512,9.88,1880,0.93,53743,11834,15010
Yolo,2023,4139,46544,3917,71,48,13,12,7.73,119,0.23,299,82,251
Yolo,2022,4689,46229,4390,31,37,14,12,8.62,68,0.13,299,82,251
Yolo,2021,6303,45559,5295,50,34,12,13,10.21,84,0.16,299,82,251
Yolo,2020,5453,44950,4443,24,35,6,7,8.81,59,0.12,299,82,251
Yuba,2023,2243,18307,2307,413,913,412,624,11.23,1326,6.06,2630,724,1569
Yuba,2022,3084,18016,2681,297,782,270,526,12.71,1079,4.86,2630,724,1569
Yuba,2021,3331,17576,2797,303,659,298,397,13.38,962,4.4,2630,724,1569
Yuba,2020,3147,17196,2610,487,349,362,220,12.83,836,3.95,2630,724,1569
