county,pif_2025,pif_2024,pif_2023,pif_2022,pif_2021,exposure_2025,exposure_2024,exposure_2023,exposure_2022,exposure_2021,detached_very_high_est,homes_combustible_fence_attached_est,note
Alameda,11694,6774,3519,2956,2638,18552360134,9822579031,4112147801,3047740652,2168948832,5085,1400,"PIF and exposure are county-wide FAIR Plan residual-market totals (residential + commercial + BOP), not FHSZ-restricted. The last two columns are from zone0_combustible_fence_estimate.json and are context only."
Alpine,392,346,297,263,218,330839876,276712560,222282425,179049160,133634788,,,"PIF and exposure are county-wide FAIR Plan residual-market totals (residential + commercial + BOP), not FHSZ-restricted. The last two columns are from zone0_combustible_fence_estimate.json and are context only."
Amador,6186,5495,4742,4041,3625,5112500719,4365314159,3526367836,2808434094,2305390502,9882,2721,"PIF and exposure are county-wide FAIR Plan residual-market totals (residential + commercial + BOP), not FHSZ-restricted. The last two columns are from zone0_combustible_fence_estimate.json and are context only."
Butte,9392,8165,5878,3722,3265,7280278840,6052068909,4007419450,2472656045,1983546684,8165,1066,"PIF and exposure are county-wide FAIR Plan residual-market totals (residential + commercial + BOP), not FHSZ-restricted. The last two columns are from zone0_combustible_fence_estimate.json and are context only."
Calaveras,10572,9548,8520,6983,6069,8987677408,7730480439,6505003809,4970383068,3935377055,13447,2976,"PIF and exposure are county-wide FAIR Plan residual-market totals (residential + commercial + BOP), not FHSZ-restricted. The last two columns are from zone0_combustible_fence_estimate.json and are context only."
Colusa,68,48,38,28,12,47803840,29990561,25520070,19756386,6414190,284,78,"PIF and exposure are county-wide FAIR Plan residual-market totals (residential + commercial + BOP), not FHSZ-restricted. The last two columns are from zone0_combustible_fence_estimate.json and are context only."
Contra Costa,12837,6541,1993,1264,1094,22939890154,10792344863,2634687162,1386513747,948922600,12471,3433,"PIF and exposure are county-wide FAIR Plan residual-market totals (residential + commercial + BOP), not FHSZ-restricted. The last two columns are from zone0_combustible_fence_estimate.json and are context only."
Del Norte,572,354,215,157,127,349294830,194691392,107233824,75271990,49869705,,,"PIF and exposure are county-wide FAIR Plan residual-market totals (residential + commercial + BOP), not FHSZ-restricted. The last two columns are from zone0_combustible_fence_estimate.json and are context only."
El Dorado,28167,23921,18715,15454,14090,28345747025,22665633656,16310111502,12343524794,10305466446,36909,7913,"PIF and exposure are county-wide FAIR Plan residual-market totals (residential + commercial + BOP), not FHSZ-restricted. The last two columns are from zone0_combustible_fence_estimate.json and are context only."
Fresno,5821,4674,3738,3311,2875,4891221940,3709696894,2785240426,2225601356,1771945293,4145,1141,"PIF and exposure are county-wide FAIR Plan residual-market totals (residential + commercial + BOP), not FHSZ-restricted. The last two columns are from zone0_combustible_fence_estimate.json and are context only."
Glenn,58,49,27,23,11,36983950,26378389,20334407,15797553,7495266,242,67,"PIF and exposure are county-wide FAIR Plan residual-market totals (residential + commercial + BOP), not FHSZ-restricted. The last two columns are from zone0_combustible_fence_estimate.json and are context only."
Humboldt,2844,2061,1448,1096,930,2094513504,1443675653,916660468,647040699,494837877,2038,561,"PIF and exposure are county-wide FAIR Plan residual-market totals (residential + commercial + BOP), not FHSZ-restricted. The last two columns are from zone0_combustible_fence_estimate.json and are context only."
Imperial,661,453,277,245,254,388742336,239605518,113861824,81811722,74450011,,,"PIF and exposure are county-wide FAIR Plan residual-market totals (residential + commercial + BOP), not FHSZ-restricted. The last two columns are from zone0_combustible_fence_estimate.json and are context only."
Inyo,303,188,81,55,45,228878444,157026373,67069027,35015661,22342053,78,21,"PIF and exposure are county-wide FAIR Plan residual-market totals (residential + commercial + BOP), not FHSZ-restricted. The last two columns are from zone0_combustible_fence_estimate.json and are context only."
Kern,11329,8551,5642,4715,4273,6668598774,4593896136,2762174367,2013989565,1591222251,11166,587,"PIF and exposure are county-wide FAIR Plan residual-market totals (residential + commercial + BOP), not FHSZ-restricted. The last two columns are from zone0_combustible_fence_estimate.json and are context only."
Kings,179,117,54,46,24,115363247,70826017,33155040,18513551,7635521,,,"PIF and exposure are county-wide FAIR Plan residual-market totals (residential + commercial + BOP), not FHSZ-restricted. The last two columns are from zone0_combustible_fence_estimate.json and are context only."
Lake,5739,4837,3298,2230,1592,3947932246,3238284376,2291666306,1466564625,928661671,14943,4114,"PIF and exposure are county-wide FAIR Plan residual-market totals (residential + commercial + BOP), not FHSZ-restricted. The last two columns are from zone0_combustible_fence_estimate.json and are context only."
Lassen,1064,806,393,209,159,712756098,526593735,241895201,119825086,77784707,2577,231,"PIF and exposure are county-wide FAIR Plan residual-market totals (residential + commercial + BOP), not FHSZ-restricted. The last two columns are from zone0_combustible_fence_estimate.json and are context only."
Los Angeles,154765,112945,90903,84681,84363,170687950518,112192508714,73326389990,59409764435,49876764894,242012,102081,"PIF and exposure are county-wide FAIR Plan residual-market totals (residential + commercial + BOP), not FHSZ-restricted. The last two columns are from zone0_combustible_fence_estimate.json and are context only."
Madera,5650,4749,3678,3162,2314,4457215223,3532565848,2643724945,2117098543,1363935261,4129,1137,"PIF and exposure are county-wide FAIR Plan residual-market totals (residential + commercial + BOP), not FHSZ-restricted. The last two columns are from zone0_combustible_fence_estimate.json and are context only."
Marin,4361,2885,1679,1281,1044,7398856881,4557038969,2303376499,1582615110,1142463475,3299,908,"PIF and exposure are county-wide FAIR Plan residual-market totals (residential + commercial + BOP), not FHSZ-restricted. The last two columns are from zone0_combustible_fence_estimate.json and are context only."
Mariposa,3404,3073,2522,2334,1704,2499034378,2145789823,1697110152,1426809226,932427361,2095,357,"PIF and exposure are county-wide FAIR Plan residual-market totals (residential + commercial + BOP), not FHSZ-restricted. The last two columns are from zone0_combustible_fence_estimate.json and are context only."
Mendocino,4707,3865,2647,1909,1498,4148777342,3253809567,2167660062,1446715302,986428845,7787,832,"PIF and exposure are county-wide FAIR Plan residual-market totals (residential + commercial + BOP), not FHSZ-restricted. The last two columns are from zone0_combustible_fence_estimate.json and are context only."
Merced,336,200,95,57,59,313379124,131639060,67350297,37230287,26860074,,,"PIF and exposure are county-wide FAIR Plan residual-market totals (residential + commercial + BOP), not FHSZ-restricted. The last two columns are from zone0_combustible_fence_estimate.json and are context only."
Modoc,290,195,79,52,32,177055346,107713136,43970579,25994831,11885785,,,"PIF and exposure are county-wide FAIR Plan residual-market totals (residential + commercial + BOP), not FHSZ-restricted. The last two columns are from zone0_combustible_fence_estimate.json and are context only."
Mono,1982,1366,877,616,410,1957981074,1384089871,900640149,563936463,285504153,3011,829,"PIF and exposure are county-wide FAIR Plan residual-market totals (residential + commercial + BOP), not FHSZ-restricted. The last two columns are from zone0_combustible_fence_estimate.json and are context only."
Monterey,5402,4231,3101,2597,1934,7883688398,6106290043,4102726435,3218847657,2059396364,11234,3093,"PIF and exposure are county-wide FAIR Plan residual-market totals (residential + commercial + BOP), not FHSZ-restricted. The last two columns are from zone0_combustible_fence_estimate.json and are context only."
Napa,3042,2424,1922,1484,877,5468603951,4195692067,3285533767,2395355012,1170342795,4405,755,"PIF and exposure are county-wide FAIR Plan residual-market totals (residential + commercial + BOP), not FHSZ-restricted. The last two columns are from zone0_combustible_fence_estimate.json and are context only."
Nevada,23438,19795,16883,13269,11431,27179821914,21495267656,16851981412,12419819697,9520620286,31911,8785,"PIF and exposure are county-wide FAIR Plan residual-market totals (residential + commercial + BOP), not FHSZ-restricted. The last two columns are from zone0_combustible_fence_estimate.json and are context only."
Orange,23748,13654,6342,4628,4085,32410972426,18144078923,7909898676,5150836406,3945384588,55435,8653,"PIF and exposure are county-wide FAIR Plan residual-market totals (residential + commercial + BOP), not FHSZ-restricted. The last two columns are from zone0_combustible_fence_estimate.json and are context only."
Placer,18996,15674,12220,10201,9213,23071327504,18159454985,13027123258,9948876151,8148859418,18286,2295,"PIF and exposure are county-wide FAIR Plan residual-market totals (residential + commercial + BOP), not FHSZ-restricted. The last two columns are from zone0_combustible_fence_estimate.json and are context only."
Plumas,3941,3485,2807,2025,1799,3463242415,2874346242,2262305469,1477731839,1205267241,10353,726,"PIF and exposure are county-wide FAIR Plan residual-market totals (residential + commercial + BOP), not FHSZ-restricted. The last two columns are from zone0_combustible_fence_estimate.json and are context only."
Riverside,57026,33472,17207,12054,9364,51261178212,28438750711,13237510171,8327093945,5581456427,96666,10575,"PIF and exposure are county-wide FAIR Plan residual-market totals (residential + commercial + BOP), not FHSZ-restricted. The last two columns are from zone0_combustible_fence_estimate.json and are context only."
Sacramento,2001,1124,464,362,367,1810980106,923844550,307695626,170103758,144540583,,,"PIF and exposure are county-wide FAIR Plan residual-market totals (residential + commercial + BOP), not FHSZ-restricted. The last two columns are from zone0_combustible_fence_estimate.json and are context only."
San Benito,388,224,141,112,101,434213146,267684248,153401146,113661728,73934483,700,193,"PIF and exposure are county-wide FAIR Plan residual-market totals (residential + commercial + BOP), not FHSZ-restricted. The last two columns are from zone0_combustible_fence_estimate.json and are context only."
San Bernardino,65132,50761,41124,36131,31211,51481992522,37528220699,27416056702,21922054591,16837065912,73757,19782,"PIF and exposure are county-wide FAIR Plan residual-market totals (residential + commercial + BOP), not FHSZ-restricted. The last two columns are from zone0_combustible_fence_estimate.json and are context only."
San Diego,59063,37375,22172,16009,12326,70037078938,41204346539,22313218107,14557904061,9756752404,133748,36821,"PIF and exposure are county-wide FAIR Plan residual-market totals (residential + commercial + BOP), not FHSZ-restricted. The last two columns are from zone0_combustible_fence_estimate.json and are context only."
San Francisco,2382,1353,541,436,438,4547072897,2395076295,879879414,562674935,482828881,,,"PIF and exposure are county-wide FAIR Plan residual-market totals (residential + commercial + BOP), not FHSZ-restricted. The last two columns are from zone0_combustible_fence_estimate.json and are context only."
San Joaquin,1319,838,523,449,441,1153874720,661652377,290985201,182209018,142840357,,,"PIF and exposure are county-wide FAIR Plan residual-market totals (residential + commercial + BOP), not FHSZ-restricted. The last two columns are from zone0_combustible_fence_estimate.json and are context only."
San Luis Obispo,4771,3065,1801,1214,841,4764334809,3020195137,1776453713,1134153875,681376436,12689,3493,"PIF and exposure are county-wide FAIR Plan residual-market totals (residential + commercial + BOP), not FHSZ-restricted. The last two columns are from zone0_combustible_fence_estimate.json and are context only."
San Mateo,3759,2259,1244,841,622,6175316705,3494591386,1740571689,1038160480,663797328,6346,1747,"PIF and exposure are county-wide FAIR Plan residual-market totals (residential + commercial + BOP), not FHSZ-restricted. The last two columns are from zone0_combustible_fence_estimate.json and are context only."
Santa Barbara,6907,4838,3263,2654,1991,12590577074,8594836227,5649768192,4280891166,2784679279,8984,2473,"PIF and exposure are county-wide FAIR Plan residual-market totals (residential + commercial + BOP), not FHSZ-restricted. The last two columns are from zone0_combustible_fence_estimate.json and are context only."
Santa Clara,6200,3668,1826,1435,1228,10215120822,5830240428,2594811506,1824076150,1252442467,5370,1188,"PIF and exposure are county-wide FAIR Plan residual-market totals (residential + commercial + BOP), not FHSZ-restricted. The last two columns are from zone0_combustible_fence_estimate.json and are context only."
Santa Cruz,12796,7993,4342,3075,2025,17663370272,9866250969,4514347665,2965959794,1753255473,2692,861,"PIF and exposure are county-wide FAIR Plan residual-market totals (residential + commercial + BOP), not FHSZ-restricted. The last two columns are from zone0_combustible_fence_estimate.json and are context only."
Shasta,6505,5218,3527,2204,1842,4574081681,3421004656,2252959910,1311525640,1002123489,18169,3236,"PIF and exposure are county-wide FAIR Plan residual-market totals (residential + commercial + BOP), not FHSZ-restricted. The last two columns are from zone0_combustible_fence_estimate.json and are context only."
Sierra,541,478,380,318,265,429522949,362263757,271957060,210907487,154550329,1165,321,"PIF and exposure are county-wide FAIR Plan residual-market totals (residential + commercial + BOP), not FHSZ-restricted. The last two columns are from zone0_combustible_fence_estimate.json and are context only."
Siskiyou,3269,2488,1377,965,788,2398835481,1685907830,844096336,528828514,373504787,11000,1618,"PIF and exposure are county-wide FAIR Plan residual-market totals (residential + commercial + BOP), not FHSZ-restricted. The last two columns are from zone0_combustible_fence_estimate.json and are context only."
Solano,1312,718,323,181,146,1570943290,843557502,375089006,150074504,97166680,,,"PIF and exposure are county-wide FAIR Plan residual-market totals (residential + commercial + BOP), not FHSZ-restricted. The last two columns are from zone0_combustible_fence_estimate.json and are context only."
Sonoma,8748,6304,3996,2628,1363,12536412454,8362548888,5055620209,3260317113,1424520563,10053,5079,"PIF and exposure are county-wide FAIR Plan residual-market totals (residential + commercial + BOP), not FHSZ-restricted. The last two columns are from zone0_combustible_fence_estimate.json and are context only."
Stanislaus,743,417,157,107,95,714411734,356507022,141817157,74212382,55455116,807,222,"PIF and exposure are county-wide FAIR Plan residual-market totals (residential + commercial + BOP), not FHSZ-restricted. The last two columns are from zone0_combustible_fence_estimate.json and are context only."
Sutter,118,51,19,20,21,115075861,53918888,14913619,19105482,15811963,,,"PIF and exposure are county-wide FAIR Plan residual-market totals (residential + commercial + BOP), not FHSZ-restricted. The last two columns are from zone0_combustible_fence_estimate.json and are context only."
Tehama,1783,1498,900,559,472,1005768851,816861910,527187775,291452811,223479688,2780,207,"PIF and exposure are county-wide FAIR Plan residual-market totals (residential + commercial + BOP), not FHSZ-restricted. The last two columns are from zone0_combustible_fence_estimate.json and are context only."
Trinity,1440,1302,1075,930,922,897439087,759735744,601858042,489781970,446703621,2581,369,"PIF and exposure are county-wide FAIR Plan residual-market totals (residential + commercial + BOP), not FHSZ-restricted. The last two columns are from zone0_combustible_fence_estimate.json and are context only."
Tulare,2966,2340,1774,1432,1127,1801135472,1345242994,942510282,637068983,455516997,1273,127,"PIF and exposure are county-wide FAIR Plan residual-market totals (residential + commercial + BOP), not FHSZ-restricted. The last two columns are from zone0_combustible_fence_estimate.json and are context only."
Tuolumne,14071,12892,11671,9787,8896,11202009820,9800419627,8318952600,6497982568,5456892242,14786,4071,"PIF and exposure are county-wide FAIR Plan residual-market totals (residential + commercial + BOP), not FHSZ-restricted. The last two columns are from zone0_combustible_fence_estimate.json and are context only."
Ventura,15010,9409,4458,3316,2545,21098125022,12608249761,5730021679,3964054738,2714515183,53743,11834,"PIF and exposure are county-wide FAIR Plan residual-market totals (residential + commercial + BOP), not FHSZ-restricted. The last two columns are from zone0_combustible_fence_estimate.json and are context only."
Yolo,251,195,137,62,69,245783046,240388717,116672577,46397146,39524205,299,82,"PIF and exposure are county-wide FAIR Plan residual-market totals (residential + commercial + BOP), not FHSZ-restricted. The last two columns are from zone0_combustible_fence_estimate.json and are context only."
Yuba,1569,1409,1193,971,870,1090363876,925440524,723964592,568534243,451801506,2630,724,"PIF and exposure are county-wide FAIR Plan residual-market totals (residential + commercial + BOP), not FHSZ-restricted. The last two columns are from zone0_combustible_fence_estimate.json and are context only."
