county_fips,county_name,responsibility_area,fhsz_tier,housing_units,occupied_housing_units,detached_single_family_est,mobile_homes_est,population,pct_of_county_housing_units
001,Alameda County,LRA,Very High,4810,4609,4689,0,11498,0.77
001,Alameda County,SRA,Very High,398,388,396,0,1101,0.06
001,Alameda County,LRA,High,16374,15707,12969,454,44042,2.63
001,Alameda County,SRA,High,3952,3809,3461,26,11005,0.64
001,Alameda County,LRA,Moderate,19019,18323,13980,47,55877,3.06
001,Alameda County,SRA,Moderate,3560,3380,1951,64,9259,0.57
001,Alameda County,LRA,NonWildland,573841,545418,282651,7210,1549451,92.26
001,Alameda County,No,mapped FHSZ polygon,4,2,0,0,120,0.0
003,Alpine County,No,mapped FHSZ polygon,1540,530,1082,26,1204,100.0
005,Amador County,SRA,Very High,11006,8654,9882,429,23330,58.53
005,Amador County,LRA,High,1942,1761,1364,94,4347,10.33
005,Amador County,SRA,High,4471,3970,3435,641,9561,23.78
005,Amador County,LRA,NonWildland,973,932,973,0,2346,5.17
005,Amador County,No,mapped FHSZ polygon,413,361,200,0,890,2.2
007,Butte County,LRA,Very High,2090,1816,1457,180,3920,2.32
007,Butte County,SRA,Very High,10027,8353,6708,2806,20057,11.12
007,Butte County,LRA,High,5348,5008,3299,396,12185,5.93
007,Butte County,SRA,High,6241,5656,4369,1590,14625,6.92
007,Butte County,LRA,Moderate,2108,1980,1573,81,4826,2.34
007,Butte County,SRA,Moderate,960,900,773,74,2401,1.07
007,Butte County,LRA,NonWildland,62846,59178,35594,4442,152768,69.73
007,Butte County,No,mapped FHSZ polygon,513,377,438,70,850,0.57
009,Calaveras County,SRA,Very High,14931,8222,13447,814,19277,54.45
009,Calaveras County,LRA,High,2226,1913,1800,169,4354,8.12
009,Calaveras County,SRA,High,7630,6318,6489,756,15959,27.82
009,Calaveras County,SRA,Moderate,833,791,817,16,2092,3.04
009,Calaveras County,LRA,NonWildland,730,679,373,81,1613,2.66
009,Calaveras County,No,mapped FHSZ polygon,1072,835,896,140,1997,3.91
011,Colusa County,SRA,Very High,425,246,284,125,524,5.25
011,Colusa County,LRA,NonWildland,7318,6672,5842,295,20533,90.36
011,Colusa County,No,mapped FHSZ polygon,356,309,324,16,782,4.4
013,Contra Costa County,LRA,Very High,14616,14032,12096,230,38812,3.45
013,Contra Costa County,SRA,Very High,393,382,375,0,952,0.09
013,Contra Costa County,LRA,High,26035,24643,18358,27,66677,6.15
013,Contra Costa County,SRA,High,8047,7725,7823,0,21527,1.9
013,Contra Costa County,LRA,Moderate,29641,28610,21345,142,79525,7.0
013,Contra Costa County,LRA,NonWildland,344610,331637,224876,6047,958434,81.4
015,Del Norte County,LRA,Moderate,1516,1348,676,636,6198,13.67
015,Del Norte County,SRA,Moderate,5775,5079,4052,1419,13222,52.07
015,Del Norte County,LRA,NonWildland,2867,2607,1518,160,6584,25.85
015,Del Norte County,No,mapped FHSZ polygon,932,773,597,268,1739,8.4
017,El Dorado County,LRA,Very High,16439,11588,11184,778,27648,17.59
017,El Dorado County,SRA,Very High,29426,23120,25725,2031,57714,31.48
017,El Dorado County,LRA,High,1667,1576,1228,0,4074,1.78
017,El Dorado County,SRA,High,10439,9787,8735,855,25408,11.17
017,El Dorado County,LRA,Moderate,6316,4779,4622,146,12867,6.76
017,El Dorado County,SRA,Moderate,12550,12050,9680,553,31622,13.43
017,El Dorado County,LRA,NonWildland,8144,7467,6478,0,20357,8.71
017,El Dorado County,No,mapped FHSZ polygon,8486,4953,7864,324,11495,9.08
019,Fresno County,SRA,Very High,5089,2894,4145,677,7665,1.5
019,Fresno County,SRA,High,3722,3108,2046,1561,8246,1.1
019,Fresno County,LRA,Moderate,1424,1331,952,0,3539,0.42
019,Fresno County,SRA,Moderate,642,595,524,101,1637,0.19
019,Fresno County,LRA,NonWildland,324212,309718,216381,11032,983108,95.8
019,Fresno County,No,mapped FHSZ polygon,3352,1650,2707,451,4459,0.99
021,Glenn County,SRA,Very High,281,220,242,32,556,2.58
021,Glenn County,SRA,High,334,298,253,67,818,3.07
021,Glenn County,LRA,NonWildland,10280,9659,7225,1252,27543,94.36
023,Humboldt County,SRA,Very High,2760,2142,2038,455,4785,4.44
023,Humboldt County,SRA,High,3988,3313,3287,465,8029,6.42
023,Humboldt County,LRA,Moderate,9962,9345,7316,824,22851,16.04
023,Humboldt County,SRA,Moderate,10766,9624,8993,925,23203,17.33
023,Humboldt County,LRA,NonWildland,31345,29270,18580,1256,70428,50.46
023,Humboldt County,No,mapped FHSZ polygon,3299,2728,2538,515,7167,5.31
025,Imperial County,LRA,Moderate,1047,762,774,245,2294,1.85
025,Imperial County,LRA,NonWildland,52923,49827,32703,4002,170136,93.46
025,Imperial County,No,mapped FHSZ polygon,2655,1461,1388,1134,7272,4.69
027,Inyo County,SRA,Very High,832,787,78,754,1712,8.79
027,Inyo County,LRA,High,1115,1025,934,164,2552,11.78
027,Inyo County,SRA,High,510,344,413,72,736,5.39
027,Inyo County,SRA,Moderate,1891,1639,1209,517,3898,19.97
027,Inyo County,LRA,NonWildland,2618,2331,1597,402,5206,27.65
027,Inyo County,No,mapped FHSZ polygon,2503,1920,1705,575,4912,26.43
029,Kern County,SRA,Very High,15000,11069,11166,3397,25475,4.98
029,Kern County,LRA,High,1728,1599,1242,164,8040,0.57
029,Kern County,SRA,High,6133,5257,4291,1485,13055,2.04
029,Kern County,LRA,Moderate,14888,13365,10435,2415,40563,4.95
029,Kern County,SRA,Moderate,2502,2366,2021,36,6250,0.83
029,Kern County,LRA,NonWildland,255189,243495,184618,13543,804468,84.78
029,Kern County,No,mapped FHSZ polygon,5569,4347,3307,1542,11384,1.85
031,Kings County,LRA,High,682,649,430,42,2590,1.47
031,Kings County,LRA,NonWildland,43792,41850,32425,1817,143240,94.61
031,Kings County,No,mapped FHSZ polygon,1813,1601,249,0,6656,3.92
033,Lake County,LRA,Very High,5121,3984,3363,1266,10078,14.96
033,Lake County,SRA,Very High,15616,12160,11580,2730,29078,45.63
033,Lake County,LRA,High,3816,3141,2474,1131,8199,11.15
033,Lake County,SRA,High,622,510,594,21,1315,1.82
033,Lake County,LRA,Moderate,1432,1209,806,272,2949,4.18
033,Lake County,SRA,Moderate,1548,1372,1121,293,3471,4.52
033,Lake County,LRA,NonWildland,5720,4959,3841,971,12398,16.72
033,Lake County,No,mapped FHSZ polygon,345,287,303,16,675,1.01
035,Lassen County,LRA,Very High,1089,926,890,45,1968,8.91
035,Lassen County,SRA,Very High,1963,1615,1687,182,4151,16.07
035,Lassen County,LRA,High,763,714,702,52,1931,6.25
035,Lassen County,SRA,High,1638,1371,1104,315,3392,13.41
035,Lassen County,LRA,Moderate,1522,1287,1024,186,3111,12.46
035,Lassen County,LRA,NonWildland,3153,2790,2183,401,14523,25.81
035,Lassen County,No,mapped FHSZ polygon,2088,1185,1560,378,3654,17.09
037,Los Angeles County,LRA,Very High,341997,322003,220466,5014,864080,9.52
037,Los Angeles County,SRA,Very High,26433,24547,21546,1978,76146,0.74
037,Los Angeles County,LRA,High,101782,97181,62513,2094,268842,2.83
037,Los Angeles County,SRA,High,1309,1200,912,11,5949,0.04
037,Los Angeles County,LRA,Moderate,79038,75526,40379,2330,203883,2.2
037,Los Angeles County,SRA,Moderate,821,716,602,192,2067,0.02
037,Los Angeles County,LRA,NonWildland,3033245,2893486,1360938,44798,8577720,84.44
037,Los Angeles County,No,mapped FHSZ polygon,7356,5969,2703,112,15322,0.2
039,Madera County,SRA,Very High,4913,3851,4129,597,9129,9.91
039,Madera County,SRA,High,7546,6516,6040,1094,16333,15.22
039,Madera County,LRA,Moderate,648,617,628,0,1989,1.31
039,Madera County,LRA,NonWildland,35254,33908,27644,1166,127105,71.12
039,Madera County,No,mapped FHSZ polygon,1211,715,1054,129,1699,2.44
041,Marin County,LRA,Very High,3218,2517,2389,21,5143,2.88
041,Marin County,SRA,Very High,1086,768,910,30,1748,0.97
041,Marin County,LRA,High,15581,14873,11901,17,37071,13.97
041,Marin County,SRA,High,9406,8557,7863,68,21067,8.43
041,Marin County,LRA,Moderate,22599,21430,15103,589,53371,20.26
041,Marin County,SRA,Moderate,4614,4015,3631,100,10212,4.14
041,Marin County,LRA,NonWildland,54833,51828,28076,563,133258,49.15
041,Marin County,No,mapped FHSZ polygon,227,179,207,7,451,0.2
043,Mariposa County,SRA,Very High,3044,2432,2095,581,5742,31.19
043,Mariposa County,SRA,High,3755,3204,3150,464,7554,38.47
043,Mariposa County,No,mapped FHSZ polygon,2961,1736,2135,393,3835,30.34
045,Mendocino County,LRA,Very High,2325,2210,1991,102,6075,5.62
045,Mendocino County,SRA,Very High,7266,6227,5796,862,15621,17.56
045,Mendocino County,LRA,High,1274,1141,1004,157,2747,3.08
045,Mendocino County,SRA,High,8182,6611,7282,426,15650,19.78
045,Mendocino County,LRA,Moderate,5443,5011,3097,372,12517,13.16
045,Mendocino County,SRA,Moderate,5324,4364,4602,345,10486,12.87
045,Mendocino County,LRA,NonWildland,10668,9983,5493,1583,26474,25.79
045,Mendocino County,No,mapped FHSZ polygon,888,733,805,66,2031,2.15
047,Merced County,LRA,Moderate,985,924,608,358,3091,1.12
047,Merced County,LRA,NonWildland,86798,82540,64308,5029,278111,98.88
049,Modoc County,LRA,High,407,326,328,66,814,8.56
049,Modoc County,SRA,High,879,710,659,220,1708,18.5
049,Modoc County,SRA,Moderate,467,318,329,120,697,9.83
049,Modoc County,LRA,NonWildland,2294,1881,1922,95,4310,48.27
049,Modoc County,No,mapped FHSZ polygon,705,497,601,104,1171,14.84
051,Mono County,LRA,Very High,7068,2438,3011,211,5892,52.01
051,Mono County,LRA,High,2267,499,555,0,1307,16.68
051,Mono County,SRA,High,1509,765,989,142,1829,11.1
051,Mono County,LRA,Moderate,285,224,188,0,570,2.1
051,Mono County,SRA,Moderate,1638,955,1160,356,2296,12.05
051,Mono County,No,mapped FHSZ polygon,822,593,651,151,1301,6.05
053,Monterey County,LRA,Very High,6121,4958,4387,79,13157,4.26
053,Monterey County,SRA,Very High,8018,6569,6847,138,16348,5.58
053,Monterey County,LRA,High,6650,5522,4503,93,13052,4.63
053,Monterey County,SRA,High,11749,10439,9952,616,28655,8.18
053,Monterey County,LRA,Moderate,6236,5742,4335,421,17763,4.34
053,Monterey County,SRA,Moderate,2601,2531,2266,245,7596,1.81
053,Monterey County,LRA,NonWildland,99192,93783,56147,3813,332563,69.06
053,Monterey County,No,mapped FHSZ polygon,3064,2245,1908,265,9901,2.13
055,Napa County,LRA,Very High,431,388,270,0,2523,0.78
055,Napa County,SRA,Very High,4557,3607,4135,75,9016,8.22
055,Napa County,LRA,High,695,579,639,0,1721,1.25
055,Napa County,SRA,High,2311,1736,2023,80,4974,4.17
055,Napa County,LRA,Moderate,3154,3002,2449,0,8373,5.69
055,Napa County,LRA,NonWildland,44300,40426,28007,3267,111412,79.89
057,Nevada County,LRA,Very High,16455,11099,12215,675,26911,30.68
057,Nevada County,SRA,Very High,22625,20656,19696,1276,49288,42.19
057,Nevada County,LRA,High,2615,1392,1593,8,3219,4.88
057,Nevada County,SRA,High,6721,5955,6407,189,14508,12.53
057,Nevada County,LRA,Moderate,363,342,288,0,735,0.68
057,Nevada County,SRA,Moderate,2189,2031,1701,234,4547,4.08
057,Nevada County,LRA,NonWildland,473,413,280,0,846,0.88
057,Nevada County,No,mapped FHSZ polygon,2186,886,1953,105,2187,4.08
059,Orange County,LRA,Very High,75094,70021,49501,631,194656,6.65
059,Orange County,SRA,Very High,7956,7476,5934,0,20371,0.7
059,Orange County,LRA,High,44801,42535,27893,230,112171,3.97
059,Orange County,SRA,High,1584,1546,777,19,4684,0.14
059,Orange County,LRA,Moderate,39263,37608,20582,197,100455,3.48
059,Orange County,SRA,Moderate,1859,1615,1096,0,4091,0.16
059,Orange County,LRA,NonWildland,958688,912843,449390,28969,2749633,84.86
059,Orange County,No,mapped FHSZ polygon,540,461,255,165,928,0.05
061,Placer County,SRA,Very High,24643,12277,18286,764,29353,14.3
061,Placer County,LRA,High,2526,2398,1958,81,6416,1.47
061,Placer County,SRA,High,9586,9110,8640,502,24304,5.56
061,Placer County,LRA,Moderate,9223,8872,8059,336,23483,5.35
061,Placer County,SRA,Moderate,8729,8269,7413,664,22058,5.06
061,Placer County,LRA,NonWildland,113151,109305,85098,2090,294656,65.65
061,Placer County,No,mapped FHSZ polygon,4498,1870,3926,70,4469,2.61
063,Plumas County,LRA,Very High,1896,1544,1286,313,3490,12.31
063,Plumas County,SRA,Very High,10369,5709,9067,730,12074,67.35
063,Plumas County,LRA,Moderate,857,714,722,47,1566,5.57
063,Plumas County,SRA,Moderate,970,580,554,416,1292,6.3
063,Plumas County,No,mapped FHSZ polygon,1304,669,1133,131,1368,8.47
065,Riverside County,LRA,Very High,91364,87599,70839,7611,281704,10.77
065,Riverside County,SRA,Very High,35135,30954,25827,6797,95986,4.14
065,Riverside County,LRA,High,32191,30442,27484,1122,103990,3.79
065,Riverside County,SRA,High,3340,3093,2155,979,10930,0.39
065,Riverside County,LRA,Moderate,47379,42907,35873,5559,132941,5.58
065,Riverside County,SRA,Moderate,3972,3783,2540,1382,13536,0.47
065,Riverside County,LRA,NonWildland,612390,549983,404351,47243,1747914,72.17
065,Riverside County,No,mapped FHSZ polygon,22778,14522,9573,4404,31184,2.68
067,Sacramento County,SRA,High,1026,994,788,0,2549,0.17
067,Sacramento County,LRA,Moderate,4672,4432,3867,180,14786,0.8
067,Sacramento County,SRA,Moderate,817,743,623,168,1997,0.14
067,Sacramento County,LRA,NonWildland,580285,557543,376763,14185,1563361,98.76
067,Sacramento County,No,mapped FHSZ polygon,751,733,174,0,2362,0.13
069,San Benito County,SRA,Very High,807,730,700,61,2148,3.96
069,San Benito County,SRA,High,1223,1164,1162,17,3563,6.01
069,San Benito County,LRA,Moderate,1607,1520,1164,137,4282,7.89
069,San Benito County,SRA,Moderate,1260,1122,1142,98,3319,6.19
069,San Benito County,LRA,NonWildland,15468,14948,12106,368,50897,75.95
071,San Bernardino County,LRA,Very High,41331,34830,36339,1018,112953,5.65
071,San Bernardino County,SRA,Very High,40461,23175,37418,830,58807,5.53
071,San Bernardino County,LRA,High,24875,23239,19360,903,73531,3.4
071,San Bernardino County,SRA,High,5441,4029,4651,476,10799,0.74
071,San Bernardino County,LRA,Moderate,46931,41174,37044,3436,127612,6.41
071,San Bernardino County,SRA,Moderate,17476,14533,14074,2882,43841,2.39
071,San Bernardino County,LRA,NonWildland,534875,512469,352491,27643,1708162,73.08
071,San Bernardino County,No,mapped FHSZ polygon,20509,14387,13186,2507,45949,2.8
073,San Diego County,LRA,Very High,153082,146788,89796,3259,412217,12.46
073,San Diego County,SRA,Very High,53974,50153,43952,4222,147295,4.39
073,San Diego County,LRA,High,83800,80423,50029,2167,241012,6.82
073,San Diego County,SRA,High,16927,15930,13316,1831,44074,1.38
073,San Diego County,LRA,Moderate,68584,64788,37662,2445,179534,5.58
073,San Diego County,SRA,Moderate,4270,4061,3860,67,12616,0.35
073,San Diego County,LRA,NonWildland,830507,781670,373575,26898,2177212,67.6
073,San Diego County,No,mapped FHSZ polygon,17361,14951,7560,770,84674,1.41
075,San Francisco County,LRA,NonWildland,405198,370497,72822,410,870275,99.65
075,San Francisco County,No,mapped FHSZ polygon,1430,1354,124,17,3690,0.35
077,San Joaquin County,LRA,Moderate,496,424,453,2,1439,0.2
077,San Joaquin County,SRA,Moderate,465,444,445,20,1208,0.18
077,San Joaquin County,LRA,NonWildland,250344,240103,185739,7859,776090,99.56
077,San Joaquin County,No,mapped FHSZ polygon,148,148,148,0,496,0.06
079,San Luis Obispo County,LRA,Very High,8322,7453,5518,227,17839,6.73
079,San Luis Obispo County,SRA,Very High,8737,6516,7171,1092,15287,7.06
079,San Luis Obispo County,LRA,High,6866,6338,4851,425,22488,5.55
079,San Luis Obispo County,SRA,High,13669,10993,11378,1386,29089,11.05
079,San Luis Obispo County,LRA,Moderate,19654,17820,12479,1611,43893,15.89
079,San Luis Obispo County,SRA,Moderate,7629,6236,5974,838,19118,6.17
079,San Luis Obispo County,LRA,NonWildland,57192,51398,35574,3959,132607,46.23
079,San Luis Obispo County,No,mapped FHSZ polygon,1646,1043,898,123,2103,1.33
081,San Mateo County,LRA,Very High,7197,6852,5603,52,18246,2.54
081,San Mateo County,SRA,Very High,1243,1146,743,59,3563,0.44
081,San Mateo County,LRA,High,9762,9322,8027,0,25465,3.44
081,San Mateo County,SRA,High,1667,1390,1428,138,3472,0.59
081,San Mateo County,LRA,Moderate,18066,17198,12554,948,47399,6.37
081,San Mateo County,SRA,Moderate,3564,3427,3053,0,9239,1.26
081,San Mateo County,LRA,NonWildland,240536,228492,124893,2212,653391,84.79
081,San Mateo County,No,mapped FHSZ polygon,1658,1590,806,0,3667,0.58
083,Santa Barbara County,LRA,Very High,2933,2677,2829,7,6817,1.85
083,Santa Barbara County,SRA,Very High,7133,6205,6155,205,18109,4.51
083,Santa Barbara County,LRA,High,1092,976,941,11,2370,0.69
083,Santa Barbara County,SRA,High,2756,2426,2271,36,6234,1.74
083,Santa Barbara County,LRA,Moderate,4863,4453,4010,23,11838,3.07
083,Santa Barbara County,SRA,Moderate,6783,6320,5769,216,16939,4.29
083,Santa Barbara County,LRA,NonWildland,131639,124257,66776,7008,379431,83.17
083,Santa Barbara County,No,mapped FHSZ polygon,1080,1039,971,0,6491,0.68
085,Santa Clara County,LRA,Very High,2915,2634,2115,0,7552,0.42
085,Santa Clara County,SRA,Very High,3549,3213,3255,51,8666,0.52
085,Santa Clara County,LRA,High,11678,11156,10060,12,33269,1.7
085,Santa Clara County,SRA,High,2990,2917,2325,0,8665,0.43
085,Santa Clara County,LRA,Moderate,10823,10367,8193,13,31826,1.57
085,Santa Clara County,SRA,Moderate,3620,3464,3488,36,10540,0.53
085,Santa Clara County,LRA,NonWildland,652269,622130,319414,18620,1835080,94.8
085,Santa Clara County,No,mapped FHSZ polygon,191,182,53,0,661,0.03
087,Santa Cruz County,SRA,Very High,3086,2777,2692,24,6673,2.9
087,Santa Cruz County,LRA,High,4348,3514,2520,72,13073,4.09
087,Santa Cruz County,SRA,High,15495,14206,13431,573,36953,14.57
087,Santa Cruz County,LRA,Moderate,5143,4767,3421,364,17518,4.84
087,Santa Cruz County,SRA,Moderate,10970,10173,9402,819,26815,10.32
087,Santa Cruz County,LRA,NonWildland,67303,60824,36755,4663,169829,63.29
089,Shasta County,LRA,Very High,8626,8107,7334,629,20576,10.87
089,Shasta County,SRA,Very High,14326,12390,10835,2853,30620,18.05
089,Shasta County,LRA,High,9460,8968,7356,272,23421,11.92
089,Shasta County,SRA,High,5249,4854,4528,627,12963,6.61
089,Shasta County,LRA,Moderate,6146,5773,4762,796,14809,7.74
089,Shasta County,LRA,NonWildland,32644,30568,19397,2322,74631,41.12
089,Shasta County,No,mapped FHSZ polygon,2929,2176,2482,280,5135,3.69
091,Sierra County,SRA,Very High,1180,648,1165,0,1328,55.48
091,Sierra County,SRA,High,297,276,212,23,525,13.96
091,Sierra County,No,mapped FHSZ polygon,650,532,645,0,1383,30.56
093,Siskiyou County,LRA,Very High,6003,5217,3891,197,11492,26.18
093,Siskiyou County,SRA,Very High,8850,7443,7109,1147,17311,38.6
093,Siskiyou County,LRA,High,318,292,236,34,737,1.39
093,Siskiyou County,SRA,High,2616,2166,2007,455,4997,11.41
093,Siskiyou County,LRA,Moderate,863,784,457,125,1826,3.76
093,Siskiyou County,LRA,NonWildland,2070,1762,1509,136,4377,9.03
093,Siskiyou County,No,mapped FHSZ polygon,2209,1555,1785,362,3336,9.63
095,Solano County,LRA,High,3889,3763,2711,18,10690,2.4
095,Solano County,SRA,High,4350,4146,4164,47,12299,2.68
095,Solano County,LRA,Moderate,7974,7762,6554,211,21308,4.92
095,Solano County,SRA,Moderate,773,728,624,46,2047,0.48
095,Solano County,LRA,NonWildland,144157,138586,102002,3642,403036,88.86
095,Solano County,No,mapped FHSZ polygon,1094,939,179,0,4111,0.67
097,Sonoma County,LRA,Very High,5289,4808,3542,285,11916,2.58
097,Sonoma County,SRA,Very High,7850,6281,6511,535,14247,3.83
097,Sonoma County,LRA,High,6761,6219,5242,0,16044,3.3
097,Sonoma County,SRA,High,12521,8635,11116,229,18690,6.12
097,Sonoma County,LRA,Moderate,24736,23061,18738,283,58452,12.08
097,Sonoma County,SRA,Moderate,13653,11603,12078,742,28435,6.67
097,Sonoma County,LRA,NonWildland,133578,126772,79375,7269,339958,65.24
097,Sonoma County,No,mapped FHSZ polygon,354,322,339,15,1121,0.17
099,Stanislaus County,SRA,Very High,912,840,807,9,2625,0.5
099,Stanislaus County,LRA,High,704,657,674,30,1760,0.38
099,Stanislaus County,SRA,High,542,508,303,228,1435,0.3
099,Stanislaus County,LRA,NonWildland,180982,174733,137003,7365,547058,98.82
101,Sutter County,LRA,High,844,805,778,60,2215,2.45
101,Sutter County,LRA,NonWildland,33655,32257,24392,1635,97418,97.55
103,Tehama County,SRA,Very High,3797,3034,2780,917,7996,13.89
103,Tehama County,LRA,High,863,820,602,257,2058,3.16
103,Tehama County,SRA,High,4727,4292,3549,972,11157,17.29
103,Tehama County,LRA,Moderate,803,768,292,37,1947,2.94
103,Tehama County,SRA,Moderate,1435,1324,1208,161,3539,5.25
103,Tehama County,LRA,NonWildland,14477,13504,9369,2230,36136,52.95
103,Tehama County,No,mapped FHSZ polygon,1239,1168,897,218,2996,4.53
105,Trinity County,SRA,Very High,3288,2619,2581,523,6082,40.18
105,Trinity County,SRA,Moderate,407,383,285,88,905,4.97
105,Trinity County,No,mapped FHSZ polygon,4488,3288,3547,693,9125,54.85
107,Tulare County,SRA,Very High,1531,858,1273,67,1846,1.02
107,Tulare County,SRA,High,2789,2487,2341,427,7124,1.85
107,Tulare County,SRA,Moderate,1209,1059,713,79,3079,0.8
107,Tulare County,LRA,NonWildland,142635,136582,106967,8853,458554,94.68
107,Tulare County,No,mapped FHSZ polygon,2488,1001,2187,268,2514,1.65
109,Tuolumne County,LRA,Very High,1825,1678,987,0,3509,5.81
109,Tuolumne County,SRA,Very High,15642,8896,13799,913,22968,49.79
109,Tuolumne County,LRA,High,1063,969,853,7,2286,3.38
109,Tuolumne County,SRA,High,11018,9870,8426,1397,23572,35.07
109,Tuolumne County,No,mapped FHSZ polygon,1867,1298,1296,233,3285,5.94
111,Ventura County,LRA,Very High,61489,59520,44051,1495,164330,20.98
111,Ventura County,SRA,Very High,12312,11296,9692,1004,32992,4.2
111,Ventura County,LRA,High,19206,18485,13582,947,51174,6.55
111,Ventura County,SRA,High,293,262,201,0,609,0.1
111,Ventura County,LRA,Moderate,13616,13231,8379,606,39031,4.65
111,Ventura County,SRA,Moderate,383,361,242,46,1330,0.13
111,Ventura County,LRA,NonWildland,184027,175529,106385,7330,550300,62.79
111,Ventura County,No,mapped FHSZ polygon,1754,1031,833,58,4077,0.6
113,Yolo County,SRA,Very High,358,285,299,56,747,0.45
113,Yolo County,SRA,Moderate,776,705,586,72,1924,0.97
113,Yolo County,LRA,NonWildland,79054,75604,45555,3136,213732,98.59
115,Yuba County,SRA,Very High,3446,3067,2630,706,7438,11.7
115,Yuba County,SRA,High,647,590,587,60,1584,2.2
115,Yuba County,SRA,Moderate,568,556,511,47,1554,1.93
115,Yuba County,LRA,NonWildland,22871,21639,16075,1324,67455,77.64
115,Yuba County,No,mapped FHSZ polygon,1926,1156,928,227,3544,6.54
