county_fips,county_name,responsibility_area,fhsz_tier,housing_units,pre_2000,built_2000_to_2009,pre_2010,built_2010_or_later,pct_pre_2000,pct_pre_2010,pct_2010_or_later,built_2020_or_later,built_2010_to_2019,built_2000_to_2009,built_1990_to_1999,built_1980_to_1989,built_1970_to_1979,built_1960_to_1969,built_1950_to_1959,built_1940_to_1949,built_1939_or_earlier
001,Alameda County,LRA,Very High,4810,4745,11,4756,54,98.65,98.87,1.13,19,35,11,128,246,768,1171,1036,611,785
001,Alameda County,SRA,Very High,398,398,0,398,0,100.0,100.0,0.0,0,0,0,0,53,45,103,187,0,11
001,Alameda County,LRA,High,16374,11661,2076,13737,2637,71.22,83.9,16.1,160,2477,2076,2483,1961,1399,1755,2123,542,1397
001,Alameda County,SRA,High,3952,3089,826,3914,38,78.16,99.05,0.95,0,38,826,641,817,587,608,169,40,227
001,Alameda County,LRA,Moderate,19019,15027,1028,16055,2964,79.01,84.42,15.58,278,2686,1028,4434,3609,2931,1514,1055,431,1053
001,Alameda County,SRA,Moderate,3560,1945,306,2251,1309,54.64,63.24,36.76,93,1216,306,673,731,245,239,22,19,16
001,Alameda County,LRA,NonWildland,573834,493060,39734,532794,41040,85.92,92.85,7.15,6682,34358,39734,41003,64725,82459,74801,72775,40168,117130
003,Alpine County,No,mapped FHSZ polygon,1540,1311,192,1502,38,85.11,97.56,2.44,8,30,192,276,290,412,146,56,52,78
005,Amador County,SRA,Very High,11006,9174,1424,10598,408,83.36,96.29,3.71,36,372,1424,1668,2128,2837,996,573,292,681
005,Amador County,LRA,High,1942,1225,371,1596,346,63.07,82.2,17.8,73,273,371,229,273,332,69,94,8,221
005,Amador County,SRA,High,4471,3200,864,4064,407,71.56,90.89,9.11,144,263,864,621,724,631,341,257,241,384
005,Amador County,LRA,NonWildland,973,311,448,759,214,32.0,78.02,21.98,82,132,448,153,25,86,0,0,0,47
005,Amador County,No,mapped FHSZ polygon,413,353,60,413,0,85.42,100.0,0.0,0,0,60,21,264,8,37,18,0,5
007,Butte County,LRA,Very High,2090,1092,257,1350,740,52.26,64.58,35.42,509,231,257,106,206,429,223,100,18,9
007,Butte County,SRA,Very High,10027,7534,1582,9116,911,75.13,90.91,9.09,319,592,1582,1582,2294,1992,826,385,145,310
007,Butte County,LRA,High,5348,3356,874,4230,1118,62.76,79.09,20.91,556,562,874,1378,667,811,217,144,94,45
007,Butte County,SRA,High,6241,4993,823,5816,425,80.01,93.2,6.8,89,336,823,1011,1650,1373,368,234,202,155
007,Butte County,LRA,Moderate,2108,1431,593,2024,84,67.88,95.99,4.01,0,84,593,173,306,175,184,372,100,121
007,Butte County,SRA,Moderate,960,903,57,960,0,94.03,100.0,0.0,0,0,57,139,189,178,97,264,29,7
007,Butte County,LRA,NonWildland,62846,49912,7030,56942,5904,79.42,90.61,9.39,793,5112,7030,7187,9683,10879,6795,6743,3450,5175
007,Butte County,No,mapped FHSZ polygon,513,513,0,513,0,100.0,100.0,0.0,0,0,0,15,49,209,31,0,129,81
009,Calaveras County,SRA,Very High,14931,12201,1998,14199,732,81.71,95.1,4.9,119,613,1998,2680,3841,2400,1594,801,466,418
009,Calaveras County,LRA,High,2226,1621,409,2030,196,72.83,91.19,8.81,46,150,409,258,484,200,254,65,81,280
009,Calaveras County,SRA,High,7630,5296,1894,7189,441,69.41,94.23,5.77,0,441,1894,1798,1665,1099,194,134,119,287
009,Calaveras County,SRA,Moderate,833,627,178,806,27,75.33,96.74,3.26,16,11,178,198,372,25,33,0,0,0
009,Calaveras County,LRA,NonWildland,730,508,190,698,32,69.53,95.62,4.38,0,32,190,101,19,55,105,165,33,29
009,Calaveras County,No,mapped FHSZ polygon,1072,810,45,856,216,75.6,79.83,20.17,0,216,45,111,249,111,218,51,16,54
011,Colusa County,SRA,Very High,425,364,37,401,24,85.68,94.32,5.68,0,24,37,90,97,95,7,15,19,42
011,Colusa County,LRA,NonWildland,7318,5353,1208,6561,757,73.15,89.66,10.34,93,664,1208,815,693,1074,456,836,426,1053
011,Colusa County,No,mapped FHSZ polygon,356,334,13,346,10,93.69,97.33,2.67,5,4,13,54,51,57,20,47,53,53
013,Contra Costa County,LRA,Very High,14616,13464,671,14136,480,92.12,96.72,3.28,75,405,671,1623,2642,2385,2209,2464,1268,873
013,Contra Costa County,SRA,Very High,393,369,0,369,24,93.81,93.81,6.19,0,24,0,41,74,201,15,20,0,18
013,Contra Costa County,LRA,High,26035,19764,2851,22614,3421,75.91,86.86,13.14,455,2966,2851,2549,3564,5450,3150,3375,1094,581
013,Contra Costa County,SRA,High,8047,7073,577,7650,397,87.89,95.07,4.93,29,368,577,1305,2425,1518,523,640,186,476
013,Contra Costa County,LRA,Moderate,29640,24736,3358,28095,1545,83.46,94.79,5.21,116,1429,3358,5023,6168,4410,3971,2779,1349,1036
013,Contra Costa County,LRA,NonWildland,344610,280503,41818,322322,22288,81.4,93.53,6.47,3501,18788,41818,40980,53045,61513,44329,43187,22720,14729
015,Del Norte County,LRA,Moderate,1516,1165,145,1309,207,76.83,86.37,13.63,0,207,145,305,362,159,212,73,20,33
015,Del Norte County,SRA,Moderate,5775,4675,721,5395,380,80.95,93.43,6.57,67,313,721,1100,890,1067,481,872,183,82
015,Del Norte County,LRA,NonWildland,2867,2532,297,2828,39,88.3,98.66,1.34,0,39,297,304,433,499,250,539,138,367
015,Del Norte County,No,mapped FHSZ polygon,932,684,154,837,95,73.35,89.82,10.18,0,95,154,210,95,161,113,27,33,44
017,El Dorado County,LRA,Very High,16439,14476,1279,15756,683,88.06,95.84,4.16,75,608,1279,1787,1868,4549,3072,2318,444,439
017,El Dorado County,SRA,Very High,29426,24473,3927,28401,1025,83.17,96.52,3.48,177,848,3927,4250,6708,7612,2921,1390,734,860
017,El Dorado County,LRA,High,1667,1548,104,1651,16,92.85,99.07,0.93,0,16,104,142,302,449,206,95,154,200
017,El Dorado County,SRA,High,10439,7584,1664,9248,1191,72.65,88.59,11.41,135,1056,1664,1319,2780,2103,691,229,122,340
017,El Dorado County,LRA,Moderate,6316,3972,1891,5863,453,62.89,92.83,7.17,49,404,1891,589,1168,1210,491,229,115,170
017,El Dorado County,SRA,Moderate,12550,6889,3303,10192,2358,54.89,81.21,18.79,524,1834,3303,2092,1641,1843,877,326,66,45
017,El Dorado County,LRA,NonWildland,8144,5651,1871,7522,622,69.39,92.36,7.64,139,483,1871,1733,1556,1199,534,278,119,232
017,El Dorado County,No,mapped FHSZ polygon,8486,7203,1002,8205,281,84.88,96.69,3.31,74,206,1002,1089,1119,1953,976,639,712,715
019,Fresno County,SRA,Very High,5089,4034,827,4861,228,79.26,95.52,4.48,40,188,827,987,929,1048,377,368,125,199
019,Fresno County,SRA,High,3722,3092,477,3569,153,83.07,95.88,4.12,15,138,477,955,711,838,125,79,91,294
019,Fresno County,LRA,Moderate,1424,880,463,1344,80,61.81,94.36,5.64,0,80,463,408,278,54,9,110,0,21
019,Fresno County,SRA,Moderate,642,359,207,566,76,55.94,88.11,11.89,0,76,207,69,150,83,11,22,0,23
019,Fresno County,LRA,NonWildland,324212,242014,48779,290792,33420,74.65,89.69,10.31,5422,27998,48779,43264,43022,55051,35106,34117,14732,16722
019,Fresno County,No,mapped FHSZ polygon,3352,2481,521,3002,350,74.01,89.55,10.45,45,305,521,495,613,691,292,101,109,179
021,Glenn County,SRA,Very High,281,187,67,254,27,66.55,90.39,9.61,7,20,67,5,7,24,4,31,23,93
021,Glenn County,SRA,High,334,251,80,331,3,75.28,99.16,0.84,0,3,80,74,63,35,19,28,11,22
021,Glenn County,LRA,NonWildland,10280,8279,1371,9650,630,80.54,93.87,6.13,148,482,1371,1159,1355,1559,1113,1027,880,1186
023,Humboldt County,SRA,Very High,2760,2229,222,2450,310,80.75,88.78,11.22,0,310,222,373,508,618,261,48,197,225
023,Humboldt County,SRA,High,3988,3505,207,3711,277,87.88,93.06,6.94,28,249,207,417,468,578,366,518,472,685
023,Humboldt County,LRA,Moderate,9962,8877,675,9553,409,89.11,95.89,4.11,17,393,675,1587,1209,1388,1669,1547,526,952
023,Humboldt County,SRA,Moderate,10766,8986,1014,10001,765,83.47,92.89,7.11,91,675,1014,1142,1732,1854,1266,1532,549,910
023,Humboldt County,LRA,NonWildland,31345,26029,3385,29414,1931,83.04,93.84,6.16,275,1656,3385,3208,3580,3885,3029,4429,2386,5513
023,Humboldt County,No,mapped FHSZ polygon,3299,2557,492,3049,250,77.5,92.41,7.59,63,188,492,693,402,415,406,306,200,135
025,Imperial County,LRA,Moderate,1047,843,164,1008,39,80.53,96.23,3.77,0,39,164,189,90,205,156,109,28,66
025,Imperial County,LRA,NonWildland,52923,36351,10724,47075,5848,68.69,88.95,11.05,1070,4777,10724,8656,7160,7419,5008,4487,1744,1877
025,Imperial County,No,mapped FHSZ polygon,2655,1998,461,2459,196,75.26,92.62,7.38,0,196,461,493,390,346,221,180,121,249
027,Inyo County,SRA,Very High,832,766,51,817,15,92.01,98.15,1.85,0,15,51,76,409,173,91,15,0,0
027,Inyo County,LRA,High,1115,1010,83,1094,21,90.6,98.08,1.92,11,11,83,203,189,218,280,67,38,15
027,Inyo County,SRA,High,510,437,35,472,38,85.69,92.55,7.45,2,36,35,32,36,44,38,92,52,143
027,Inyo County,SRA,Moderate,1891,1513,344,1857,34,80.03,98.2,1.8,0,34,344,115,285,454,124,116,211,207
027,Inyo County,LRA,NonWildland,2618,2408,164,2572,46,91.96,98.23,1.77,0,46,164,207,386,390,628,255,204,338
027,Inyo County,No,mapped FHSZ polygon,2503,2118,224,2342,161,84.62,93.57,6.43,14,147,224,326,361,438,480,111,252,151
029,Kern County,SRA,Very High,15000,11928,2326,14254,746,79.52,95.02,4.98,228,518,2326,2448,3302,3319,1289,670,455,445
029,Kern County,LRA,High,1724,1268,305,1573,151,73.56,91.26,8.74,0,151,305,237,300,185,220,130,56,142
029,Kern County,SRA,High,6133,4857,861,5718,415,79.2,93.24,6.76,181,233,861,553,1308,1265,933,534,75,190
029,Kern County,LRA,Moderate,14888,10953,2509,13462,1426,73.57,90.42,9.58,225,1201,2509,2502,2929,2133,1016,1544,474,355
029,Kern County,SRA,Moderate,2502,2014,443,2457,45,80.51,98.2,1.8,0,45,443,329,958,335,87,256,49,0
029,Kern County,LRA,NonWildland,255185,185105,44156,229261,25924,72.54,89.84,10.16,2761,23163,44156,35063,37987,39026,25345,24813,11604,11267
029,Kern County,No,mapped FHSZ polygon,5563,4586,717,5303,260,82.45,95.33,4.67,36,224,717,439,1390,1406,585,550,150,67
031,Kings County,LRA,High,682,420,154,574,108,61.58,84.18,15.82,0,108,154,181,8,41,59,84,0,47
031,Kings County,LRA,NonWildland,43792,32468,7152,39621,4171,74.14,90.48,9.52,635,3536,7152,6856,6615,6206,4627,3723,1839,2602
031,Kings County,No,mapped FHSZ polygon,1813,959,527,1486,327,52.89,81.98,18.02,0,327,527,556,93,237,47,26,0,0
033,Lake County,LRA,Very High,5121,4338,681,5019,102,84.72,98.01,1.99,0,102,681,576,798,1217,914,497,144,191
033,Lake County,SRA,Very High,15616,11908,2898,14806,810,76.25,94.81,5.19,150,661,2898,1608,3208,3516,1663,1186,288,439
033,Lake County,LRA,High,3816,3292,420,3713,103,86.28,97.3,2.7,2,101,420,573,598,1207,335,306,114,159
033,Lake County,SRA,High,622,334,91,425,197,53.69,68.36,31.64,0,197,91,113,40,68,9,21,84,0
033,Lake County,LRA,Moderate,1432,1109,221,1330,102,77.44,92.85,7.15,0,102,221,119,338,214,196,127,46,69
033,Lake County,SRA,Moderate,1548,1138,319,1457,91,73.51,94.09,5.91,37,55,319,197,447,301,106,24,7,56
033,Lake County,LRA,NonWildland,5720,4700,675,5375,345,82.17,93.96,6.04,66,279,675,449,740,1356,713,658,497,288
033,Lake County,No,mapped FHSZ polygon,333,287,29,316,17,86.27,94.9,5.1,0,17,29,14,69,93,80,14,17,0
035,Lassen County,LRA,Very High,1089,1020,62,1082,7,93.62,99.32,0.68,0,7,62,123,131,113,182,107,103,260
035,Lassen County,SRA,Very High,1963,1757,192,1949,14,89.52,99.29,0.71,0,14,192,236,366,346,179,91,162,378
035,Lassen County,LRA,High,763,486,254,739,24,63.67,96.91,3.09,0,24,254,120,256,41,55,15,0,0
035,Lassen County,SRA,High,1638,1228,372,1599,39,74.95,97.64,2.36,18,21,372,299,224,237,97,94,87,191
035,Lassen County,LRA,Moderate,1522,1456,50,1506,16,95.7,98.96,1.04,0,16,50,89,227,205,141,253,245,295
035,Lassen County,LRA,NonWildland,3153,2739,292,3031,122,86.89,96.14,3.86,42,80,292,371,544,617,301,296,161,449
035,Lassen County,No,mapped FHSZ polygon,2088,1653,382,2034,54,79.15,97.43,2.57,25,28,382,322,344,278,145,263,122,178
037,Los Angeles County,LRA,Very High,341858,296452,27881,324333,17525,86.72,94.87,5.13,2681,14843,27881,25997,46443,46242,47328,48823,23510,58108
037,Los Angeles County,SRA,Very High,26433,20792,4476,25268,1165,78.66,95.59,4.41,538,627,4476,4192,6129,3276,3030,1722,857,1586
037,Los Angeles County,LRA,High,101770,86032,9004,95035,6735,84.54,93.38,6.62,1215,5520,9004,9026,15903,13907,12109,13485,7532,14068
037,Los Angeles County,SRA,High,1309,976,233,1209,100,74.59,92.37,7.63,0,100,233,231,321,94,134,102,62,32
037,Los Angeles County,LRA,Moderate,79038,65928,8243,74170,4868,83.41,93.84,6.16,538,4330,8243,6109,11805,11139,10041,11427,5402,10005
037,Los Angeles County,SRA,Moderate,821,784,18,803,18,95.53,97.76,2.24,0,18,18,132,122,143,166,135,8,80
037,Los Angeles County,LRA,NonWildland,3033171,2704731,160363,2865094,168077,89.17,94.46,5.54,25418,142659,160363,173602,351389,420488,429304,601251,302362,426334
037,Los Angeles County,No,mapped FHSZ polygon,7356,4854,320,5173,2183,65.98,70.33,29.67,631,1552,320,545,1001,1355,1062,500,130,261
039,Madera County,SRA,Very High,4913,3526,1099,4625,288,71.77,94.13,5.87,170,119,1099,978,962,749,277,337,39,183
039,Madera County,SRA,High,7546,6033,1200,7233,313,79.95,95.85,4.15,98,215,1200,1716,1957,1484,399,165,253,60
039,Madera County,LRA,Moderate,648,430,130,560,88,66.4,86.4,13.6,0,88,130,214,115,82,19,0,0,0
039,Madera County,LRA,NonWildland,35254,23846,7834,31679,3575,67.64,89.86,10.14,804,2771,7834,5104,4564,6340,2708,2215,1565,1350
039,Madera County,No,mapped FHSZ polygon,1211,1074,94,1167,44,88.66,96.39,3.61,0,44,94,121,312,156,281,167,0,37
041,Marin County,LRA,Very High,3218,2931,218,3149,69,91.08,97.85,2.15,0,69,218,148,256,305,366,598,271,987
041,Marin County,SRA,Very High,1086,1019,31,1050,36,93.8,96.68,3.32,4,32,31,48,49,183,226,133,75,306
041,Marin County,LRA,High,15581,14761,541,15302,279,94.73,98.21,1.79,34,245,541,781,1597,3258,3808,2769,726,1822
041,Marin County,SRA,High,9406,8906,286,9192,214,94.68,97.72,2.28,39,175,286,471,992,1525,2266,1360,550,1743
041,Marin County,LRA,Moderate,22599,20377,1497,21875,724,90.17,96.8,3.2,141,583,1497,1331,1470,4373,3305,4273,1541,4085
041,Marin County,SRA,Moderate,4614,4259,177,4436,178,92.31,96.14,3.86,40,138,177,449,577,1052,564,817,388,411
041,Marin County,LRA,NonWildland,54833,50116,3095,53211,1622,91.4,97.04,2.96,99,1522,3095,4572,6298,10636,10354,10120,3206,4930
041,Marin County,No,mapped FHSZ polygon,227,227,0,227,0,100.0,100.0,0.0,0,0,0,41,7,44,0,50,14,71
043,Mariposa County,SRA,Very High,3044,2375,519,2894,150,78.03,95.07,4.93,0,150,519,612,638,504,180,239,120,81
043,Mariposa County,SRA,High,3755,2838,445,3283,472,75.58,87.44,12.56,0,472,445,893,990,560,199,105,36,55
043,Mariposa County,No,mapped FHSZ polygon,2961,2676,179,2855,106,90.38,96.42,3.58,13,92,179,438,652,712,213,271,219,171
045,Mendocino County,LRA,Very High,2325,2077,86,2163,162,89.32,93.02,6.98,142,21,86,142,165,328,390,849,174,29
045,Mendocino County,SRA,Very High,7266,6310,646,6956,310,86.85,95.73,4.27,40,270,646,916,1143,1912,945,666,373,356
045,Mendocino County,LRA,High,1274,1182,37,1219,55,92.79,95.68,4.32,0,55,37,20,141,182,113,184,115,428
045,Mendocino County,SRA,High,8182,7001,934,7936,246,85.57,96.99,3.01,0,246,934,1909,1265,1810,646,508,202,662
045,Mendocino County,LRA,Moderate,5443,4803,299,5102,341,88.23,93.73,6.27,2,340,299,803,1316,872,626,391,435,360
045,Mendocino County,SRA,Moderate,5324,4534,456,4990,334,85.17,93.72,6.28,61,273,456,689,885,1189,551,566,226,428
045,Mendocino County,LRA,NonWildland,10668,8816,1007,9823,845,82.64,92.08,7.92,246,599,1007,1036,1216,2238,1063,1613,546,1104
045,Mendocino County,No,mapped FHSZ polygon,888,652,90,742,146,73.39,83.51,16.49,0,146,90,117,11,129,144,200,17,34
047,Merced County,LRA,Moderate,985,639,213,853,132,64.92,86.56,13.44,0,132,213,221,25,238,25,66,17,48
047,Merced County,LRA,NonWildland,86798,61512,17900,79412,7386,70.87,91.49,8.51,1597,5788,17900,12652,12654,14318,6991,6517,4520,3860
049,Modoc County,LRA,High,407,395,12,407,0,97.02,100.0,0.0,0,0,12,3,76,63,41,53,103,56
049,Modoc County,SRA,High,879,715,102,817,62,81.37,92.93,7.07,0,62,102,190,136,308,44,10,1,25
049,Modoc County,SRA,Moderate,467,370,91,461,6,79.21,98.76,1.24,0,6,91,69,79,98,0,0,30,94
049,Modoc County,LRA,NonWildland,2294,2091,141,2232,62,91.14,97.29,2.71,0,62,141,108,320,531,250,164,154,563
049,Modoc County,No,mapped FHSZ polygon,705,561,144,705,0,79.52,100.0,0.0,0,0,144,159,177,114,0,44,0,66
051,Mono County,LRA,Very High,7068,6092,828,6920,148,86.19,97.9,2.1,12,136,828,1302,1497,2121,749,249,51,122
051,Mono County,LRA,High,2267,1876,345,2221,46,82.76,97.97,2.03,25,21,345,203,337,689,603,0,0,44
051,Mono County,SRA,High,1509,1247,228,1475,34,82.66,97.74,2.26,0,34,228,185,344,328,89,87,0,214
051,Mono County,LRA,Moderate,285,188,97,285,0,65.89,100.0,0.0,0,0,97,62,62,53,0,11,0,0
051,Mono County,SRA,Moderate,1638,1280,299,1579,59,78.15,96.42,3.58,0,59,299,231,406,224,168,18,7,226
051,Mono County,No,mapped FHSZ polygon,822,602,171,773,49,73.26,94.04,5.96,8,41,171,94,91,181,127,92,17,0
053,Monterey County,LRA,Very High,6117,5370,597,5968,149,87.79,97.56,2.44,0,149,597,351,572,1084,656,1233,619,856
053,Monterey County,SRA,Very High,8018,7137,610,7747,271,89.01,96.62,3.38,20,251,610,673,1610,1880,1470,907,248,349
053,Monterey County,LRA,High,6650,5756,127,5883,767,86.56,88.47,11.53,138,629,127,434,686,817,999,1776,491,554
053,Monterey County,SRA,High,11749,9854,1384,11238,511,83.87,95.65,4.35,60,451,1384,1407,2306,2616,1526,1422,214,363
053,Monterey County,LRA,Moderate,6235,5462,423,5885,350,87.6,94.38,5.62,8,343,423,505,1002,1837,1109,821,118,70
053,Monterey County,SRA,Moderate,2601,2112,470,2581,20,81.18,99.25,0.75,0,20,470,632,359,381,369,277,59,36
053,Monterey County,LRA,NonWildland,99187,82025,10980,93005,6182,82.7,93.77,6.23,583,5599,10980,12081,13483,18227,13170,12459,5369,7236
053,Monterey County,No,mapped FHSZ polygon,3064,2366,370,2736,328,77.23,89.29,10.71,0,328,370,166,529,391,471,348,188,273
055,Napa County,LRA,Very High,431,385,19,404,27,89.3,93.82,6.18,0,27,19,35,172,61,51,58,0,7
055,Napa County,SRA,Very High,4557,3867,401,4268,289,84.86,93.66,6.34,156,132,401,775,564,632,477,548,345,525
055,Napa County,LRA,High,695,303,267,570,125,43.62,82.02,17.98,6,119,267,53,11,27,40,99,18,56
055,Napa County,SRA,High,2311,1939,124,2063,248,83.91,89.29,10.71,86,162,124,119,184,302,378,431,119,406
055,Napa County,LRA,Moderate,3154,2523,526,3049,105,79.99,96.66,3.34,31,74,526,249,538,419,345,630,120,222
055,Napa County,LRA,NonWildland,44300,36003,5183,41186,3114,81.27,92.97,7.03,712,2402,5183,4785,5760,8443,5528,5409,2379,3699
057,Nevada County,LRA,Very High,16455,12741,2185,14925,1530,77.43,90.7,9.3,321,1208,2185,3088,3382,2764,869,468,728,1441
057,Nevada County,SRA,Very High,22625,18460,3153,21613,1012,81.59,95.53,4.47,122,890,3153,3711,5370,4767,2213,977,702,721
057,Nevada County,LRA,High,2615,2208,333,2541,74,84.44,97.18,2.82,23,51,333,199,379,800,369,334,54,74
057,Nevada County,SRA,High,6721,5244,1144,6388,333,78.03,95.05,4.95,63,269,1144,912,1895,1935,279,61,147,15
057,Nevada County,LRA,Moderate,363,363,0,363,0,100.0,100.0,0.0,0,0,0,0,77,50,0,79,0,157
057,Nevada County,SRA,Moderate,2189,1917,118,2036,153,87.59,92.99,7.01,122,32,118,271,256,879,205,197,63,45
057,Nevada County,LRA,NonWildland,473,422,51,473,0,89.26,100.0,0.0,0,0,51,8,41,31,0,73,12,256
057,Nevada County,No,mapped FHSZ polygon,2186,1824,273,2097,89,83.43,95.91,4.09,14,75,273,465,498,495,107,116,16,127
059,Orange County,LRA,Very High,75094,52317,10981,63298,11796,69.67,84.29,15.71,1979,9817,10981,19105,15968,8961,4638,1862,872,911
059,Orange County,SRA,Very High,7956,5484,1080,6564,1392,68.93,82.51,17.49,267,1124,1080,3074,631,391,230,458,236,465
059,Orange County,LRA,High,44801,34260,6212,40472,4329,76.47,90.34,9.66,207,4122,6212,10781,9699,8595,3147,1019,412,606
059,Orange County,SRA,High,1584,1021,495,1516,68,64.47,95.72,4.28,0,68,495,948,32,0,42,0,0,0
059,Orange County,LRA,Moderate,39263,26625,8498,35123,4140,67.81,89.46,10.54,318,3822,8498,10238,6207,6712,1769,1117,113,469
059,Orange County,SRA,Moderate,1859,672,24,696,1163,36.13,37.41,62.59,43,1120,24,262,357,37,16,0,0,0
059,Orange County,LRA,NonWildland,958675,810804,68412,879216,79459,84.58,91.71,8.29,9801,69658,68412,78046,135261,227665,192840,132309,19376,25308
059,Orange County,No,mapped FHSZ polygon,540,391,71,463,77,72.49,85.69,14.31,0,77,71,185,47,86,73,0,0,0
061,Placer County,SRA,Very High,24643,20702,2517,23219,1424,84.01,94.22,5.78,184,1240,2517,2827,4382,6912,3154,1820,749,857
061,Placer County,LRA,High,2526,2092,242,2334,192,82.8,92.38,7.62,28,165,242,277,516,643,389,167,62,37
061,Placer County,SRA,High,9586,7102,1547,8650,936,74.09,90.23,9.77,207,729,1547,1064,2032,1838,871,500,166,632
061,Placer County,LRA,Moderate,9223,5507,2115,7622,1601,59.71,82.65,17.35,379,1221,2115,758,1284,1440,1021,489,173,343
061,Placer County,SRA,Moderate,8729,6643,1561,8204,525,76.1,93.99,6.01,66,459,1561,1079,1647,1669,988,421,357,482
061,Placer County,LRA,NonWildland,113150,60904,34857,95761,17389,53.83,84.63,15.37,3074,14315,34857,24225,15153,10235,4527,2961,1325,2478
061,Placer County,No,mapped FHSZ polygon,4498,3181,715,3896,602,70.71,86.61,13.39,101,501,715,619,972,700,381,276,136,97
063,Plumas County,LRA,Very High,1896,1731,127,1858,38,91.31,97.98,2.02,0,38,127,135,446,328,304,186,128,205
063,Plumas County,SRA,Very High,10369,8553,1532,10084,285,82.48,97.25,2.75,29,256,1532,1934,2000,2090,1111,683,436,298
063,Plumas County,LRA,Moderate,857,769,48,817,40,89.77,95.34,4.66,0,40,48,49,129,187,147,104,56,98
063,Plumas County,SRA,Moderate,970,480,383,863,107,49.53,89.01,10.99,0,107,383,151,103,101,100,25,0,0
063,Plumas County,No,mapped FHSZ polygon,1304,1046,154,1200,104,80.18,91.99,8.01,17,88,154,165,218,185,195,67,97,119
065,Riverside County,LRA,Very High,91361,44089,30135,74224,17137,48.26,81.24,18.76,2818,14320,30135,10957,15060,8477,4702,2735,994,1163
065,Riverside County,SRA,Very High,35135,20918,8490,29407,5728,59.54,83.7,16.3,1749,3979,8490,4655,6223,4680,2519,1450,637,754
065,Riverside County,LRA,High,32191,19659,9261,28919,3272,61.07,89.84,10.16,304,2967,9261,5951,7544,2973,1712,1053,247,179
065,Riverside County,SRA,High,3340,1909,976,2885,455,57.17,86.38,13.62,0,455,976,466,506,642,271,0,24,0
065,Riverside County,LRA,Moderate,47377,31498,9878,41377,6000,66.48,87.33,12.67,1012,4989,9878,7746,10271,5603,3577,2561,809,932
065,Riverside County,SRA,Moderate,3972,3007,809,3817,155,75.71,96.09,3.91,98,58,809,376,1340,774,270,98,118,33
065,Riverside County,LRA,NonWildland,612385,415619,139289,554908,57477,67.87,90.61,9.39,7730,49747,139289,87920,126482,90030,45967,40586,10674,13959
065,Riverside County,No,mapped FHSZ polygon,22778,16696,3938,20634,2144,73.3,90.59,9.41,497,1647,3938,2234,5641,5120,2138,923,311,329
067,Sacramento County,SRA,High,1026,717,309,1026,0,69.85,100.0,0.0,0,0,309,419,67,230,0,0,0,0
067,Sacramento County,LRA,Moderate,4671,1678,919,2598,2073,35.93,55.62,44.38,529,1544,919,124,645,535,164,86,44,82
067,Sacramento County,SRA,Moderate,817,571,118,688,129,69.85,84.24,15.76,45,83,118,83,141,171,80,33,64,0
067,Sacramento County,LRA,NonWildland,580285,455175,86603,541778,38507,78.44,93.36,6.64,6100,32407,86603,74246,96908,102513,65705,66990,21621,27191
067,Sacramento County,No,mapped FHSZ polygon,751,751,0,751,0,100.0,100.0,0.0,0,0,0,12,396,122,133,31,0,58
069,San Benito County,SRA,Very High,807,701,61,762,45,86.92,94.44,5.56,5,40,61,38,116,153,83,36,81,195
069,San Benito County,SRA,High,1223,832,321,1153,70,68.06,94.31,5.69,1,69,321,212,244,88,130,37,10,112
069,San Benito County,LRA,Moderate,1607,1280,250,1529,78,79.63,95.17,4.83,67,10,250,447,415,141,92,68,3,114
069,San Benito County,SRA,Moderate,1260,681,144,825,435,54.05,65.5,34.5,65,369,144,80,185,185,41,28,26,136
069,San Benito County,LRA,NonWildland,15466,11295,1661,12956,2510,73.03,83.77,16.23,499,2011,1661,3548,2372,1885,1070,1039,338,1043
071,San Bernardino County,LRA,Very High,41331,29654,8263,37917,3414,71.75,91.74,8.26,266,3148,8263,8450,9032,5917,2732,1427,1016,1080
071,San Bernardino County,SRA,Very High,40461,35395,3949,39344,1117,87.48,97.24,2.76,45,1072,3949,3559,8362,9119,5674,2892,2292,3497
071,San Bernardino County,LRA,High,24874,19553,4620,24173,701,78.61,97.18,2.82,99,602,4620,5039,7025,3446,1427,1772,451,394
071,San Bernardino County,SRA,High,5441,3851,1328,5179,262,70.77,95.19,4.81,23,239,1328,525,1154,938,250,584,242,157
071,San Bernardino County,LRA,Moderate,46931,34643,8699,43341,3590,73.82,92.35,7.65,926,2663,8699,6904,11590,5773,4450,4268,1041,617
071,San Bernardino County,SRA,Moderate,17476,11539,3436,14975,2501,66.03,85.69,14.31,130,2371,3436,1911,3720,2556,968,1745,313,326
071,San Bernardino County,LRA,NonWildland,534871,422209,72793,495002,39869,78.94,92.55,7.45,7832,32037,72793,61022,121215,85351,52601,61238,19693,21089
071,San Bernardino County,No,mapped FHSZ polygon,20509,16244,3067,19312,1197,79.21,94.16,5.84,102,1096,3067,2395,3529,3009,1769,3546,648,1348
073,San Diego County,LRA,Very High,153082,100397,32629,133026,20056,65.58,86.9,13.1,2624,17432,32629,21825,28992,28713,8534,6928,1620,3785
073,San Diego County,SRA,Very High,53968,37986,10762,48748,5220,70.39,90.33,9.67,994,4226,10762,8137,9490,10909,4009,2848,1279,1315
073,San Diego County,LRA,High,83690,66726,10809,77534,6156,79.73,92.64,7.36,871,5285,10809,14276,20612,15760,7598,4672,1125,2684
073,San Diego County,SRA,High,16927,13176,2464,15640,1287,77.84,92.4,7.6,488,799,2464,2615,3609,3374,1721,1241,285,331
073,San Diego County,LRA,Moderate,68584,51636,11665,63300,5284,75.29,92.3,7.7,742,4542,11665,9411,15564,14226,4905,4078,1254,2198
073,San Diego County,SRA,Moderate,4270,2838,655,3494,776,66.47,81.82,18.18,281,496,655,524,1001,661,351,161,84,57
073,San Diego County,LRA,NonWildland,830447,694299,77678,771977,58470,83.61,92.96,7.04,9452,49018,77678,77862,149247,189800,109855,99089,30932,37513
073,San Diego County,No,mapped FHSZ polygon,17334,11419,3696,15115,2219,65.87,87.2,12.8,88,2131,3696,3611,2790,2441,975,765,314,523
075,San Francisco County,LRA,NonWildland,405197,347817,25402,373219,31978,85.84,92.11,7.89,3881,28097,25402,15963,21415,29348,32505,30843,33959,183783
075,San Francisco County,No,mapped FHSZ polygon,1430,1401,18,1419,11,98.0,99.26,0.74,0,11,18,17,24,153,176,371,134,526
077,San Joaquin County,LRA,Moderate,496,21,79,100,396,4.33,20.19,79.81,306,90,79,6,8,0,5,2,0,0
077,San Joaquin County,SRA,Moderate,465,342,95,437,28,73.51,94.03,5.97,8,20,95,6,108,52,139,38,0,0
077,San Joaquin County,LRA,NonWildland,250341,181515,43946,225461,24880,72.51,90.06,9.94,5248,19632,43946,33063,36137,36189,22679,23775,12271,17401
077,San Joaquin County,No,mapped FHSZ polygon,148,148,0,148,0,100.0,100.0,0.0,0,0,0,0,67,0,81,0,0,0
079,San Luis Obispo County,LRA,Very High,8322,6944,947,7891,431,83.44,94.82,5.18,66,366,947,702,1396,1705,1203,1090,458,390
079,San Luis Obispo County,SRA,Very High,8719,6251,1621,7871,848,71.69,90.28,9.72,54,793,1621,1400,1804,1723,659,218,204,242
079,San Luis Obispo County,LRA,High,6866,4545,1787,6331,535,66.19,92.21,7.79,14,521,1787,743,1792,943,313,371,144,238
079,San Luis Obispo County,SRA,High,13669,8782,2805,11587,2082,64.25,84.77,15.23,334,1747,2805,1735,3454,1407,820,386,291,689
079,San Luis Obispo County,LRA,Moderate,19654,15457,2271,17729,1925,78.65,90.2,9.8,314,1611,2271,1895,3765,4709,1410,1712,890,1075
079,San Luis Obispo County,SRA,Moderate,7629,6026,1062,7088,541,78.98,92.91,7.09,68,473,1062,1476,1499,1688,473,279,190,421
079,San Luis Obispo County,LRA,NonWildland,57192,44235,8622,52857,4335,77.34,92.42,7.58,681,3654,8622,6332,10899,12303,5504,4112,2090,2995
079,San Luis Obispo County,No,mapped FHSZ polygon,1646,1234,275,1509,137,74.98,91.66,8.34,28,109,275,237,212,235,61,147,137,206
081,San Mateo County,LRA,Very High,7197,6103,709,6811,386,84.8,94.64,5.36,40,345,709,429,1077,1328,1587,1099,281,301
081,San Mateo County,SRA,Very High,1243,946,181,1127,116,76.12,90.65,9.35,0,116,181,211,100,129,137,89,19,262
081,San Mateo County,LRA,High,9762,9168,411,9579,183,93.91,98.12,1.88,77,106,411,282,825,1988,1911,3094,512,554
081,San Mateo County,SRA,High,1667,1547,120,1667,0,92.78,100.0,0.0,0,0,120,153,205,305,124,163,200,397
081,San Mateo County,LRA,Moderate,18066,16294,862,17156,910,90.19,94.96,5.04,69,841,862,1595,1866,4289,4320,3377,356,492
081,San Mateo County,SRA,Moderate,3564,2956,404,3360,204,82.94,94.27,5.73,12,192,404,512,586,479,321,535,289,234
081,San Mateo County,LRA,NonWildland,240536,211604,13132,224736,15800,87.97,93.43,6.57,2482,13318,13132,13087,22856,36690,36805,52322,27531,22312
081,San Mateo County,No,mapped FHSZ polygon,1658,802,321,1123,535,48.37,67.71,32.29,0,535,321,101,241,251,199,10,0,0
083,Santa Barbara County,LRA,Very High,2933,2637,147,2784,149,89.9,94.92,5.08,15,134,147,156,329,420,803,626,98,205
083,Santa Barbara County,SRA,Very High,7133,5948,979,6927,206,83.39,97.11,2.89,9,198,979,772,862,1150,1111,1143,245,666
083,Santa Barbara County,LRA,High,1092,997,53,1050,42,91.3,96.18,3.82,14,28,53,41,126,182,319,113,45,172
083,Santa Barbara County,SRA,High,2756,2174,446,2620,136,78.9,95.07,4.93,0,136,446,240,713,413,234,185,119,271
083,Santa Barbara County,LRA,Moderate,4863,3940,183,4123,740,81.02,84.78,15.22,181,560,183,213,480,495,1107,738,311,596
083,Santa Barbara County,SRA,Moderate,6783,5953,308,6261,522,87.76,92.31,7.69,35,487,308,541,1000,1521,2105,521,59,206
083,Santa Barbara County,LRA,NonWildland,131564,111488,11585,123072,8492,84.74,93.55,6.45,932,7559,11585,10956,21955,24087,25243,13941,4923,10383
083,Santa Barbara County,No,mapped FHSZ polygon,1080,559,394,953,127,51.76,88.26,11.74,0,127,394,184,75,168,51,56,20,5
085,Santa Clara County,LRA,Very High,2915,2692,136,2828,87,92.35,97.03,2.97,31,56,136,372,242,712,507,450,89,320
085,Santa Clara County,SRA,Very High,3549,3108,287,3394,155,87.57,95.65,4.35,40,115,287,310,420,913,316,322,259,568
085,Santa Clara County,LRA,High,11678,8698,2198,10895,783,74.48,93.3,6.7,23,759,2198,1979,1351,2077,1634,659,283,715
085,Santa Clara County,SRA,High,2990,2502,201,2703,287,83.69,90.4,9.6,15,272,201,966,538,451,152,168,126,102
085,Santa Clara County,LRA,Moderate,10823,7888,1751,9639,1184,72.88,89.06,10.94,241,943,1751,1225,2407,2507,899,424,217,209
085,Santa Clara County,SRA,Moderate,3620,3113,378,3490,130,85.99,96.42,3.58,39,91,378,491,817,1097,259,147,59,241
085,Santa Clara County,LRA,NonWildland,652264,523426,60270,583697,68567,80.25,89.49,10.51,9296,59271,60270,56202,73585,132344,117631,91498,21564,30601
085,Santa Clara County,No,mapped FHSZ polygon,191,128,50,178,13,67.1,93.07,6.93,0,13,50,8,25,12,7,36,0,41
087,Santa Cruz County,SRA,Very High,3086,2838,27,2865,221,91.97,92.85,7.15,143,78,27,94,490,266,376,160,418,1033
087,Santa Cruz County,LRA,High,4348,3955,182,4137,211,90.96,95.14,4.86,20,191,182,802,823,1118,579,190,132,311
087,Santa Cruz County,SRA,High,15495,13994,805,14799,696,90.31,95.51,4.49,49,646,805,1242,2206,3614,2215,1321,1282,2115
087,Santa Cruz County,LRA,Moderate,5143,4359,440,4799,344,84.75,93.31,6.69,54,290,440,815,967,970,868,301,268,169
087,Santa Cruz County,SRA,Moderate,10970,9858,577,10435,535,89.86,95.12,4.88,41,494,577,678,1880,2842,1466,876,998,1119
087,Santa Cruz County,LRA,NonWildland,67303,58356,6317,64673,2630,86.71,96.09,3.91,304,2326,6317,5193,10119,13656,9537,7628,4121,8102
089,Shasta County,LRA,Very High,8626,6612,1223,7835,791,76.65,90.83,9.17,141,650,1223,805,1810,1108,1376,904,315,294
089,Shasta County,SRA,Very High,14326,11377,2103,13480,846,79.41,94.09,5.91,263,583,2103,1987,2906,3636,1298,826,361,363
089,Shasta County,LRA,High,9460,7100,1621,8721,739,75.06,92.19,7.81,107,632,1621,1884,1745,1276,838,877,303,178
089,Shasta County,SRA,High,5249,4007,871,4878,371,76.34,92.93,7.07,55,316,871,759,887,1352,670,189,36,115
089,Shasta County,LRA,Moderate,6146,5088,960,6049,97,82.79,98.42,1.58,11,87,960,1434,1368,1322,488,218,215,43
089,Shasta County,LRA,NonWildland,32644,28278,2734,31012,1632,86.63,95.0,5.0,245,1387,2734,4432,7029,7035,3755,3682,1134,1210
089,Shasta County,No,mapped FHSZ polygon,2929,2390,337,2728,201,81.61,93.13,6.87,45,156,337,416,537,384,416,282,108,247
091,Sierra County,SRA,Very High,1180,942,131,1072,108,79.79,90.88,9.12,0,108,131,38,119,77,224,179,18,287
091,Sierra County,SRA,High,297,297,0,297,0,100.0,100.0,0.0,0,0,0,0,61,72,68,19,4,72
091,Sierra County,No,mapped FHSZ polygon,650,600,50,650,0,92.29,100.0,0.0,0,0,50,81,294,57,55,5,15,92
093,Siskiyou County,LRA,Very High,6003,5130,549,5678,325,85.45,94.59,5.41,15,310,549,275,804,998,626,594,518,1314
093,Siskiyou County,SRA,Very High,8850,6967,1330,8298,552,78.73,93.76,6.24,103,449,1330,1229,1519,1760,754,491,283,931
093,Siskiyou County,LRA,High,318,275,16,291,27,86.38,91.36,8.64,0,27,16,11,51,44,39,21,16,93
093,Siskiyou County,SRA,High,2616,2222,236,2458,158,84.93,93.95,6.05,37,121,236,294,557,586,284,179,103,217
093,Siskiyou County,LRA,Moderate,863,815,0,815,48,94.43,94.43,5.57,12,36,0,96,323,279,90,12,0,16
093,Siskiyou County,LRA,NonWildland,2070,1921,26,1947,123,92.81,94.06,5.94,7,116,26,152,287,397,212,262,226,384
093,Siskiyou County,No,mapped FHSZ polygon,2209,1927,147,2074,135,87.23,93.9,6.1,49,86,147,195,251,329,186,191,216,557
095,Solano County,LRA,High,3889,2776,880,3655,234,71.37,94.0,6.0,0,234,880,1374,468,467,272,55,29,110
095,Solano County,SRA,High,4350,2320,821,3141,1209,53.33,72.2,27.8,161,1049,821,695,379,632,333,168,100,14
095,Solano County,LRA,Moderate,7974,6953,727,7680,294,87.2,96.32,3.68,49,245,727,1965,3434,1099,337,46,38,34
095,Solano County,SRA,Moderate,773,616,140,756,17,79.64,97.79,2.21,8,9,140,94,282,151,28,33,0,28
095,Solano County,LRA,NonWildland,144153,118097,16178,134275,9878,81.92,93.15,6.85,1998,7880,16178,18264,29995,29862,14237,12146,5881,7713
095,Solano County,No,mapped FHSZ polygon,1088,571,412,983,105,52.44,90.33,9.67,11,94,412,280,117,25,17,95,31,5
097,Sonoma County,LRA,Very High,5289,4381,547,4928,361,82.83,93.18,6.82,16,345,547,769,1020,1018,561,408,126,479
097,Sonoma County,SRA,Very High,7850,6821,433,7254,596,86.89,92.41,7.59,151,444,433,846,1105,1417,1093,1063,417,880
097,Sonoma County,LRA,High,6761,5423,650,6072,689,80.2,89.81,10.19,105,584,650,662,1459,1506,825,495,209,267
097,Sonoma County,SRA,High,12521,10745,836,11580,941,85.81,92.49,7.51,303,638,836,1225,1565,2051,1440,1349,840,2275
097,Sonoma County,LRA,Moderate,24736,20556,2827,23383,1353,83.1,94.53,5.47,392,961,2827,2669,4374,5501,3232,2275,1097,1407
097,Sonoma County,SRA,Moderate,13653,12235,741,12976,677,89.61,95.04,4.96,105,573,741,1233,1882,3359,1828,1161,663,2109
097,Sonoma County,LRA,NonWildland,133557,108830,14373,123203,10354,81.49,92.25,7.75,1930,8424,14373,18192,25167,26421,14753,10234,4903,9162
097,Sonoma County,No,mapped FHSZ polygon,354,354,0,354,0,100.0,100.0,0.0,0,0,0,107,101,64,48,34,0,0
099,Stanislaus County,SRA,Very High,912,266,471,737,175,29.19,80.82,19.18,0,175,471,19,20,39,41,108,41,0
099,Stanislaus County,LRA,High,704,562,118,680,24,79.81,96.54,3.46,9,15,118,115,66,72,60,164,70,15
099,Stanislaus County,SRA,High,542,450,67,518,24,83.11,95.5,4.5,0,24,67,104,169,106,33,26,8,5
099,Stanislaus County,LRA,NonWildland,180981,142876,29640,172516,8465,78.95,95.32,4.68,1578,6887,29640,24641,31863,34758,16200,16288,9398,9728
101,Sutter County,LRA,High,844,730,57,788,56,86.52,93.33,6.67,0,56,57,117,110,202,102,12,116,71
101,Sutter County,LRA,NonWildland,33655,25932,6004,31936,1719,77.05,94.89,5.11,81,1638,6004,4812,5219,5541,4201,2670,1692,1797
103,Tehama County,SRA,Very High,3797,2918,780,3698,99,76.85,97.39,2.61,8,91,780,772,810,508,298,234,108,187
103,Tehama County,LRA,High,863,630,214,844,19,73.0,97.78,2.22,3,16,214,130,254,84,39,30,32,60
103,Tehama County,SRA,High,4727,3649,830,4478,249,77.19,94.74,5.26,40,209,830,1011,682,864,431,276,75,311
103,Tehama County,LRA,Moderate,803,674,129,803,0,83.91,100.0,0.0,0,0,129,269,253,100,39,0,12,0
103,Tehama County,SRA,Moderate,1435,1021,277,1298,137,71.15,90.47,9.53,87,50,277,121,364,124,119,176,3,114
103,Tehama County,LRA,NonWildland,14477,12354,1640,13995,482,85.34,96.67,3.33,10,473,1640,1513,2431,2990,1517,1708,654,1541
103,Tehama County,No,mapped FHSZ polygon,1239,997,151,1148,91,80.45,92.62,7.38,3,89,151,257,325,247,100,68,0,0
105,Trinity County,SRA,Very High,3288,2809,306,3115,173,85.43,94.74,5.26,0,173,306,291,601,683,204,616,57,358
105,Trinity County,SRA,Moderate,407,394,13,407,0,96.9,100.0,0.0,0,0,13,65,96,159,0,0,0,74
105,Trinity County,No,mapped FHSZ polygon,4488,3784,479,4263,225,84.31,95.0,5.0,29,195,479,347,752,1352,542,396,246,150
107,Tulare County,SRA,Very High,1531,1259,105,1364,167,82.23,89.11,10.89,0,167,105,251,234,137,183,197,75,181
107,Tulare County,SRA,High,2789,2340,336,2676,113,83.89,95.94,4.06,0,113,336,592,383,412,274,373,95,210
107,Tulare County,SRA,Moderate,1209,900,284,1184,25,74.41,97.91,2.09,0,25,284,388,179,62,15,41,22,192
107,Tulare County,LRA,NonWildland,142631,104454,23177,127631,15000,73.23,89.48,10.52,2362,12637,23177,20134,19448,25930,14169,10908,6436,7429
107,Tulare County,No,mapped FHSZ polygon,2488,2110,250,2360,128,84.83,94.87,5.13,12,115,250,254,652,363,284,263,60,234
109,Tuolumne County,LRA,Very High,1825,1511,238,1749,76,82.79,95.83,4.17,66,10,238,90,179,271,221,200,169,381
109,Tuolumne County,SRA,Very High,15642,14169,1237,15405,237,90.58,98.49,1.51,26,210,1237,1730,3916,4305,2180,915,488,633
109,Tuolumne County,LRA,High,1063,969,49,1018,45,91.15,95.75,4.25,9,36,49,158,134,207,194,147,34,95
109,Tuolumne County,SRA,High,11018,9043,1378,10421,597,82.07,94.58,5.42,185,412,1378,1945,2386,2347,1092,422,171,680
109,Tuolumne County,No,mapped FHSZ polygon,1867,1580,209,1789,78,84.6,95.8,4.2,5,73,209,243,482,330,214,171,18,122
111,Ventura County,LRA,Very High,61489,48793,9130,57922,3567,79.35,94.2,5.8,516,3051,9130,8812,13944,13219,7100,2615,883,2219
111,Ventura County,SRA,Very High,12312,10232,1410,11642,670,83.11,94.56,5.44,256,414,1410,1877,2583,1901,1578,1008,512,775
111,Ventura County,LRA,High,19206,16319,1530,17849,1357,84.97,92.94,7.06,160,1197,1530,2497,3446,4913,3455,897,391,720
111,Ventura County,SRA,High,293,282,11,293,0,96.19,100.0,0.0,0,0,11,0,30,106,77,61,0,7
111,Ventura County,LRA,Moderate,13616,12468,733,13201,415,91.57,96.95,3.05,101,314,733,469,2812,2435,3500,1670,645,938
111,Ventura County,SRA,Moderate,383,295,69,364,19,77.07,95.11,4.89,0,19,69,118,23,20,29,0,26,79
111,Ventura County,LRA,NonWildland,184026,153345,18756,172101,11925,83.33,93.52,6.48,1370,10554,18756,15449,28382,43199,37957,18090,5079,5188
111,Ventura County,No,mapped FHSZ polygon,1753,1562,98,1660,93,89.12,94.7,5.3,35,58,98,342,395,307,245,216,11,46
113,Yolo County,SRA,Very High,358,310,45,355,3,86.46,99.13,0.87,0,3,45,42,91,53,0,27,0,97
113,Yolo County,SRA,Moderate,776,708,23,731,45,91.28,94.23,5.77,0,45,23,109,177,170,141,26,13,73
113,Yolo County,LRA,NonWildland,79054,56979,14107,71086,7968,72.08,89.92,10.08,1664,6304,14107,9587,11502,13484,8789,7359,2323,3936
115,Yuba County,SRA,Very High,3446,2901,382,3283,163,84.18,95.27,4.73,5,158,382,747,793,721,226,318,33,63
115,Yuba County,SRA,High,647,430,145,575,72,66.49,88.83,11.17,9,63,145,69,231,37,31,34,0,28
115,Yuba County,SRA,Moderate,568,382,176,558,10,67.31,98.23,1.77,0,10,176,166,106,62,10,5,0,33
115,Yuba County,LRA,NonWildland,22871,14630,5560,20189,2682,63.97,88.28,11.72,1001,1681,5560,1456,2600,3775,2364,2144,1122,1169
115,Yuba County,No,mapped FHSZ polygon,1926,1027,199,1226,700,53.3,63.64,36.36,0,700,199,248,302,105,135,142,61,33
