agoura-hills	Agoura Hills
altadena	Altadena
big-bear-lake	Big Bear Lake
calabasas	Calabasas
crestline	Crestline
glendale	Glendale
goleta	Goleta
hidden-hills	Hidden Hills
idyllwild	Idyllwild-Pine Cove
la-canada-flintridge	La Cañada Flintridge
la-crescenta-montrose	La Crescenta-Montrose
laguna-beach	Laguna Beach
lake-arrowhead	Lake Arrowhead
lake-elsinore	Lake Elsinore
malibu	Malibu
menifee	Menifee
mission-viejo	Mission Viejo
modjeska-canyon	Modjeska
montecito	Montecito
murrieta	Murrieta
ojai	Ojai
rancho-cucamonga	Rancho Cucamonga
rancho-santa-margarita	Rancho Santa Margarita
redlands	Redlands
riverside	Riverside
running-springs	Running Springs
san-diego	San Diego
santa-barbara	Santa Barbara
santa-paula	Santa Paula
santa-ynez	Santa Ynez
silverado-canyon	Silverado
simi-valley	Simi Valley
solvang	Solvang
temecula	Temecula
thousand-oaks	Thousand Oaks
topanga	Topanga
trabuco-canyon	Trabuco Canyon
wildomar	Wildomar
yorba-linda	Yorba Linda
yucaipa	Yucaipa
